16.000,35549.32249,195190.5819,33706.05486,30335.45893
16.005,35098.02204,197133.8809,32775.89258,30347.64194
16.010,34439.24532,199158.0784,31683.51143,30354.20974
16.015,32811.03726,201023.9794,30718.60911,30406.17687
16.020,29703.27097,202713.5899,29834.66852,30323.04101
16.025,25468.56298,203977.3661,29397.23272,30290.75864
16.030,20468.4136,204145.5171,28918.47093,30682.245
16.035,14482.95424,202334.6365,28209.43272,31839.36345
16.040,10286.04485,199817.9257,28385.68447,33843.78947
16.045,5435.913127,195555.9948,28954.36299,35226.09016
16.050,1798.665291,189461.0825,29254.70216,36682.80558
16.055,-39.96196572,181493.188,29965.12041,38374.15395
16.060,-729.2077335,173095.4125,29892.054,39550.55336
16.065,-798.9133117,165542.6588,29296.78304,40511.71187
16.070,-876.0757627,158140.4591,28286.62456,40639.41127
16.075,762.9543702,151684.9265,28245.77798,41422.27244
16.080,3877.582416,145367.6312,27333.72059,41663.58786
16.085,8499.204427,141501.6492,26114.96022,42360.22124
16.090,13361.6864,138726.5669,24670.56065,42796.77029
16.095,18203.11417,137754.8208,23634.65627,42896.95381
16.100,23617.69513,138034.4606,23174.6743,43403.82462
16.105,28305.21532,139801.0083,22324.4302,43893.33035
16.110,32355.97485,143053.8228,21386.03089,44648.82751
16.115,35457.77747,149585.0929,21141.56427,45014.263
16.120,38477.53329,158276.84,21176.79282,45212.32879
16.125,40641.08143,166709.7928,21391.7914,45485.59425
16.130,41664.43835,175840.5657,22668.44444,45548.95649
16.135,42339.78356,183790.2832,24677.95413,45427.7154
16.140,42756.42233,190025.3041,27177.14936,45219.85057
16.145,42753.529,193818.4366,29878.90894,44558.32168
16.150,41701.8854,195695.4632,32819.07867,43751.5177
16.155,40073.52804,195122.0311,35655.82464,43364.07029
16.160,38609.94293,193797.5318,37402.59084,42764.89937
16.165,36359.72155,192985.7207,38692.00898,42566.2283
16.170,32860.83767,192263.9587,39648.00225,42316.94657
16.175,30814.23745,192064.8739,40009.1059,42139.53261
16.180,29348.13352,191794.2101,40119.34309,42236.62659
16.185,28534.75727,190761.0261,40139.92229,42455.82126
16.190,28196.46807,189292.03,39947.73849,42897.95457
16.195,27907.01706,186895.0292,39619.07553,43487.73697
16.200,27301.29434,182929.4059,38878.09572,43597.36606
16.205,26707.29832,177737.3955,37743.06461,43789.18759
16.210,25615.82719,171850.0919,35927.90818,43769.28272
16.215,23496.65846,165333.2125,33031.68982,42698.74066
16.220,21175.27702,158455.4648,31180.42141,42037.11075
16.225,19579.22496,151871.9201,30334.00192,41725.36089
16.230,18468.59176,145451.9142,29565.03236,41710.9196
16.235,18504.81433,139822.1111,29587.79018,41868.54819
16.240,19609.42879,135781.5655,30527.4663,42757.29955
16.245,20113.3522,132928.3485,31435.33558,43483.84077
16.250,19888.02859,130821.4458,32480.85013,44328.64338
16.255,18956.90073,130421.6076,33160.42979,45328.36361
16.260,17932.37357,131693.7497,33077.92746,46383.458
16.265,16760.42004,133436.4975,32901.67137,47038.40583
16.270,15697.25239,136323.5523,32259.10187,47672.45704
16.275,15590.97177,141166.0358,31921.79872,48491.01075
16.280,15863.10091,145466.643,31497.70282,48995.13135
16.285,16442.62014,149399.0145,31385.21076,49790.27972
16.290,16711.66963,153003.5084,31420.86352,50736.92913
16.295,16670.52083,156208.3957,31908.46095,51884.14656
16.300,16759.8927,157858.6364,31816.27124,52414.31387
16.305,17261.79097,158987.8828,31760.48917,52881.58159
16.310,16979.35454,160202.2233,31533.46104,53158.05566
16.315,16766.10822,160986.1797,30880.64376,53029.58066
16.320,16903.34942,161497.0617,30208.36109,52641.8001
16.325,17334.14004,160845.9881,29191.43372,51654.28306
16.330,17934.85377,160117.303,28561.34911,50596.31607
16.335,18291.54132,158754.4307,27857.88589,49464.74305
16.340,17677.05665,157005.4355,27347.55048,48167.3169
16.345,16261.44075,154979.118,27048.73976,47023.89044
16.350,14688.52381,153337.2547,27370.84661,45927.30255
16.355,13677.12497,151930.3974,27566.10957,44425.76249
16.360,13389.18469,151317.4135,27995.33883,43157.58436
16.365,13589.42252,151341.4133,28205.70163,41865.01089
16.370,14157.66153,151733.4308,28660.84589,40452.59109
16.375,14525.75722,152622.7391,29128.93168,39287.32034
16.380,14541.47804,154047.4751,30200.7791,38791.10062
16.385,14795.01867,155934.4567,31427.84588,37908.62355
16.390,15540.17583,158564.9906,32906.72121,36674.8521
16.395,16702.38975,162178.7526,34421.83478,35725.54688
16.400,18452.78116,166989.3894,36219.01288,34895.74652
16.405,20692.33767,172622.6152,38203.54828,34105.59892
16.410,22837.12498,179034.3753,40037.99067,33546.68172
16.415,25215.59171,185834.3789,41551.54061,32796.98692
16.420,27728.61268,192912.9267,42670.72888,32043.89372
16.425,30064.56354,199331.0333,42964.94339,30791.56975
16.430,32216.15609,203418.9118,42996.89019,29970.84445
16.435,34164.52719,203685.7846,42682.06127,29573.32807
16.440,36481.47331,201775.703,42611.59966,29209.99224
16.445,38686.24944,199506.9628,42499.64612,29264.87299
16.450,40628.80751,195637.4199,42387.03975,29330.42299
16.455,42033.98523,190648.0711,41927.3128,29667.68453
16.460,42838.80807,184231.9131,41178.98593,30677.45585
16.465,43046.1346,177255.4436,40146.51772,31742.12422
16.470,43667.35266,170708.4157,39237.11588,31676.59876
16.475,43998.65174,165915.07,38110.53723,30949.95317
16.480,45051.45741,163078.3215,37353.88403,31337.57545
16.485,47146.67708,163135.6561,36804.59297,32736.59049
16.490,49207.93322,165680.4241,36358.32823,34521.22494
16.495,49916.17785,170625.697,36636.76396,36512.51428
16.500,50277.63968,177051.7628,36608.22503,38409.55523
16.505,49800.17284,186205.5044,36296.79312,40180.68965
16.510,47202.27771,192879.7331,36323.95828,40718.47216
16.515,41573.54258,198236.0168,35305.38865,40590.94558
16.520,35305.93196,198710.8735,35003.84559,40823.0071
16.525,26706.61311,193430.8124,33316.26577,40731.89679
16.530,25028.30288,185931.039,32498.89907,40457.56915
16.535,18715.71342,176257.9283,30403.51488,40056.61207
16.540,14954.65863,169027.0654,29108.84303,39685.57612
16.545,10811.35911,160048.0034,26087.57528,39899.60237
16.550,11618.61238,155420.6529,23803.8205,40822.61564
16.555,11493.56447,150421.709,21204.52469,42417.80906
16.560,12780.06838,147778.8681,20716.81317,42765.91352
16.565,13960.66844,143403.1877,22500.37536,41928.10889
16.570,14309.87912,141478.7131,25856.94954,40587.07509
16.575,14930.05623,138549.001,26936.11483,38187.25783
16.580,15006.43152,137085.5208,23905.1144,37141.76838
16.585,14172.84586,134405.2022,19149.79949,36868.53908
16.590,14133.9123,133449.4376,18503.67335,36685.28925
16.595,14556.43396,132050.0108,17517.25958,36263.24735
16.600,14953.16256,131872.7581,18015.43033,35789.49381
16.605,15107.05869,131917.9592,18817.14993,35150.10067
16.610,14618.75212,132815.8483,19493.56373,34840.12856
16.615,12860.59249,135280.5324,20258.00194,34248.28915
16.620,12263.4954,137616.6501,21344.58126,34190.06992
16.625,9173.491614,141949.3938,24011.14649,34282.59949
16.630,8540.143675,145626.1051,26214.23528,34338.49522
16.635,6758.531014,151157.2381,29793.01924,34531.20021
16.640,7095.703565,154091.9646,31525.87839,35077.09703
16.645,5708.035341,158007.436,33707.24697,36185.06038
16.650,5493.232675,159330.5669,34177.20876,36417.94653
16.655,3559.368791,160880.2889,34498.58423,36579.56273
16.660,2900.47881,160212.4346,33459.2519,36535.44247
16.665,729.510691,158279.1012,32290.06137,35982.0302
16.670,-110.6918929,156161.3986,30823.28913,35345.13975
16.675,-2099.809044,153721.6638,29652.49859,34137.30244
16.680,-1916.380226,152736.7936,29434.32818,33553.23348
16.685,-1459.888146,151075.9692,29183.24707,32834.99362
16.690,-647.0096651,149987.7667,28550.6797,32309.50913
16.695,1842.753212,148695.5835,27989.92404,32196.76898
16.700,3917.36467,147929.5582,27465.04087,32322.01837
16.705,7429.391656,146077.623,27207.64019,32067.17313
16.710,9576.289665,144917.0883,27296.33013,31965.78658
16.715,13379.92601,142908.4265,27814.19369,31635.54197
16.720,15236.64769,142454.5935,28561.28067,31846.89487
16.725,17126.00016,141474.0194,29347.43429,31556.12813
16.730,18856.12261,141080.9215,29969.7617,31190.5059
16.735,20155.26092,141161.2073,30332.87251,31070.79606
16.740,20831.88173,141722.7854,30046.69264,30682.77733
16.745,21236.81215,142666.5258,29377.64288,30167.39857
16.750,21624.3985,143315.9431,28568.32025,29793.58509
16.755,22020.87426,143110.5074,27687.94263,29797.06332
16.760,21821.86006,142240.751,26951.96834,29958.81643
16.765,21695.17936,141504.6868,26846.47939,30306.24301
16.770,21224.19497,141323.9742,26715.32767,30549.17405
16.775,20680.06344,141334.0192,26453.20339,30777.65537
16.780,19688.94965,142248.0123,26036.4883,31273.81988
16.785,18228.7892,144864.7537,25010.58531,31848.58646
16.790,16562.28688,149081.7154,22672.25829,32055.21408
16.795,14709.71812,154474.2053,19616.83586,31600.9844
16.800,12428.12673,160897.862,16723.94599,30015.91033
16.805,10849.45825,168054.1936,12942.5596,28419.81495
16.810,10300.38633,175161.8815,9081.393547,27083.00658
16.815,11592.60405,180276.3033,6300.232777,26135.92636
16.820,13612.84517,182787.5424,4858.806168,25561.78897
16.825,15883.96548,182901.669,3511.598955,25527.25393
16.830,18806.10187,179880.0395,2710.260913,26125.79598
16.835,21771.90871,174076.4383,5153.810648,27745.26915
16.840,24006.40872,167126.4503,8129.224719,30161.75556
16.845,25539.51898,160939.5362,10630.33928,32614.77952
16.850,26895.84467,155695.6801,13694.22605,35125.76258
16.855,27970.47521,151362.2799,16586.54698,37485.66005
16.860,28966.23467,148748.9655,19593.26877,39591.44228
16.865,29783.8615,146951.496,23452.26496,41260.67565
16.870,30054.01441,146418.6005,26698.89255,41460.98058
16.875,30020.63626,146124.5735,28135.7805,40462.28745
16.880,29849.43614,145810.0786,28684.34744,39298.70513
16.885,29946.89316,145581.1937,29520.74334,38449.12835
16.890,30469.90289,145225.6782,30085.3072,37559.56329
16.895,31381.05926,144808.9705,29775.45707,36779.35934
16.900,32263.88132,144704.529,28681.48529,36247.42937
16.905,33355.44716,144981.8124,28167.54598,36074.32206
16.910,34512.28895,145231.0583,28394.59173,36577.73997
16.915,35117.49886,144776.5842,29343.48804,37123.70565
16.920,35177.76071,143899.3839,30118.69966,37230.29552
16.925,35259.69732,143161.3854,30511.52073,36938.4835
16.930,35741.92599,142577.3619,30765.81555,36628.45941
16.935,36213.78176,141576.1424,30913.64066,36047.28197
16.940,36585.11108,140490.0306,31057.60485,35678.41119
16.945,36261.28701,139260.6461,31092.38436,35521.05064
16.950,35982.20624,137723.8239,31517.97638,36218.92991
16.955,35391.60282,135382.6117,31974.38221,36500.54696
16.960,34304.4383,132767.2743,33025.27099,36844.2831
16.965,32407.93529,129784.3349,34332.90798,37093.14596
16.970,29982.542,126761.3178,35857.63148,36744.35166
16.975,27872.45017,124110.1684,37187.72616,36229.08528
16.980,25691.81498,122342.5686,38291.80003,35370.42845
16.985,22406.8985,120957.1552,39049.66166,34753.5264
16.990,18881.32243,119311.4298,39453.48625,33708.24675
16.995,19347.65002,118026.9156,39196.18734,33480.51615
17.000,20893.10233,116654.4033,39009.14872,34237.62571
17.005,20409.40476,115234.3568,38348.6221,35595.75598
17.010,20101.96045,113675.0919,37452.80111,37854.44626
17.015,18958.38137,112665.8955,36677.24047,40634.78596
17.020,17364.51633,113538.2305,35481.40275,42569.14522
17.025,15968.47059,116755.3132,32200.83611,44609.9969
17.030,14442.51852,121912.3259,27784.29564,47049.17178
17.035,12821.94521,130487.2205,25383.68355,48174.41723
17.040,10486.1259,140148.1807,23073.01963,47020.46523
17.045,8566.381577,150600.4561,19138.20752,45223.42918
17.050,7918.372633,160180.0953,15789.58837,43690.41308
17.055,7887.374571,167452.5684,13344.19756,42636.07754
17.060,8167.958171,172626.1388,10897.14465,41769.94163
17.065,8944.907481,174268.8034,9305.501027,40787.52556
17.070,10063.12819,171609.2473,7966.866529,39911.72266
17.075,11123.30854,165720.2826,7647.10005,39409.45514
17.080,11671.1052,159215.5392,8354.932575,39042.78391
17.085,12017.24097,154618.6328,9341.700585,39040.31962
17.090,12321.7499,151022.8451,9723.875076,39532.40396
17.095,12532.63157,148289.5873,10705.14787,40321.24049
17.100,12958.88579,146601.979,11899.31237,40327.97561
17.105,13871.7268,145119.7776,13694.3589,39593.12864
17.110,15057.71775,143552.282,15879.60593,39432.64072
17.115,16851.78348,141884.5346,18985.93956,40050.86552
17.120,18101.72241,140992.6607,21106.81471,39571.31839
17.125,19223.22088,139952.3689,23219.75908,38928.70591
17.130,20048.38035,138692.5276,24382.78826,37522.89969
17.135,20550.77136,137385.4467,25118.84503,35860.19322
17.140,21218.18226,136220.9965,26482.47034,34757.02579
17.145,21356.87455,135260.8979,27018.62531,35559.64511
17.150,21770.40404,134555.6998,28230.84041,36621.06014
17.155,22625.277,134418.6453,29908.36745,36480.98154
17.160,23846.17291,135094.0478,31225.54349,36634.30827
17.165,25372.98976,136475.2008,32735.09553,37144.5416
17.170,26032.14401,137364.2726,33419.10592,37169.54284
17.175,26585.85064,137774.6876,33418.00284,37206.85087
17.180,26740.56259,137519.6937,32649.49071,36641.26401
17.185,25666.69287,136232.5934,31212.49429,35683.99378
17.190,24090.2784,134511.0668,30166.6725,35296.6911
17.195,21044.13734,132263.7556,29237.23714,35533.19006
17.200,17451.24897,130233.5867,28472.4614,36339.73266
17.205,13916.99704,128286.1639,27883.59871,38299.68752
17.210,10972.1532,126565.5763,27563.64477,40270.29119
17.215,10029.11516,125349.214,27209.05394,40971.74722
17.220,9935.795073,125270.8247,26944.23054,41656.74445
17.225,9834.971093,125242.6572,26667.15863,41429.0579
17.230,10068.16296,124522.4013,26844.3808,41230.87448
17.235,10176.68538,124345.8534,27007.48292,40853.13723
17.240,10912.75368,125134.131,27156.39874,41360.63469
17.245,11955.99604,126294.8708,27473.6034,41554.70592
17.250,13287.15711,127630.3897,28063.73926,41965.18128
17.255,14611.24356,129355.855,28713.53842,42389.77238
17.260,15713.1048,131092.7938,29220.90532,42914.46398
17.265,17059.8158,133016.5967,29779.05347,43432.05665
17.270,17341.34924,134636.2863,29955.313,43451.8041
17.275,17738.42545,136197.7614,29899.76959,42956.62107
17.280,18045.61243,137191.82,29293.65896,42325.09946
17.285,18407.58922,138522.3113,28434.45288,41845.08543
17.290,18064.74267,138981.1471,28165.63325,41615.4315
17.295,18206.7313,140246.0375,28501.10531,41748.04385
17.300,18899.40372,142008.435,29363.09802,41691.48968
17.305,20064.5607,144686.2554,30946.98934,41622.13634
17.310,20919.5576,146962.9078,31895.11073,42495.42536
17.315,21752.54449,149473.6328,31722.10786,43491.0137
17.320,21892.90379,151829.449,30378.66494,43567.54847
17.325,21563.12133,153868.6313,29581.04007,42820.83075
17.330,20848.41699,155110.3806,30005.86409,41616.65293
17.335,20146.51229,155756.314,30694.43807,39905.72442
17.340,16940.88284,155453.1841,30071.78285,37001.72269
17.345,14816.94705,155033.556,30238.94236,35479.64505
17.350,11641.72905,154766.8837,30138.13795,35131.26112
17.355,8408.576056,154622.6783,29757.34945,35376.23999
17.360,3841.576209,155207.3951,29645.37986,36000.09999
17.365,1787.013796,156543.6046,29887.74428,36696.20076
17.370,-2138.740808,157188.1293,29710.25778,36899.73857
17.375,-6662.132342,157645.7922,29129.13141,37325.92657
17.380,-10091.76606,157965.0232,28014.80031,37519.61958
17.385,-11423.74427,157911.3308,26734.48627,37309.72409
17.390,-9994.06902,156936.8013,25144.45442,37938.20545
17.395,-7592.216691,155086.8424,22348.82065,38124.53733
17.400,-4755.271514,153023.5527,19976.26615,37805.10024
17.405,363.7764433,150885.9777,18277.13797,37169.81859
17.410,5861.329754,149194.0923,16891.71182,37029.26056
17.415,11275.0935,147602.921,15742.11541,37468.47245
17.420,16357.73504,145939.6147,15249.58512,38466.2798
17.425,20267.68398,144343.9821,14523.54439,39635.42293
17.430,22814.00424,141724.603,14242.75489,40930.63511
17.435,24687.4683,138025.4025,14217.82553,41648.21196
17.440,26158.64089,133349.7953,14512.21261,42301.21006
17.445,27183.66654,127890.304,15179.30175,42345.3356
17.450,27858.55879,121732.281,16468.70727,42065.36873
17.455,27990.90594,114998.4296,18128.86899,41485.50034
17.460,27358.09577,107841.1511,20137.62265,40579.79021
17.465,26334.95244,100271.6151,22368.78589,39411.91743
17.470,25410.61681,92856.05707,24619.37322,38218.84772
17.475,24660.00931,86922.16841,27185.968,37344.98062
17.480,24385.19953,82689.39129,30023.65567,36429.0472
17.485,24368.73955,80376.78821,32759.50048,35220.52072
17.490,24457.09187,79402.70829,35125.65248,33553.792
17.495,24753.4629,80230.33783,37178.81756,31963.46332
17.500,25486.89388,82927.96614,39286.10971,31316.75822
17.505,25814.01745,86127.44286,41042.9201,30762.71161
17.510,26393.65048,90592.86946,42654.26383,30628.3969
17.515,26492.19901,96084.47592,44250.61651,30730.17572
17.520,25629.19829,101887.0429,45597.2842,30977.33939
17.525,24387.16378,108092.7769,46569.18195,30432.83413
17.530,22944.73056,114844.062,46882.41405,30119.85376
17.535,20453.74536,123062.5865,46631.55045,29638.09569
17.540,16984.77891,132433.5821,46083.33827,29389.65053
17.545,13151.55891,142869.4143,45556.03226,29454.53194
17.550,10062.73499,153378.1576,44928.80242,29588.38056
17.555,7238.928955,163446.964,44692.65931,29980.66054
17.560,4437.577747,172326.6997,44629.84631,30854.938
17.565,1161.886024,180488.6369,44224.64303,31463.89422
17.570,-930.9311339,187073.4237,43853.27517,32341.76954
17.575,-1435.40404,190839.276,43341.38261,33409.59177
17.580,-333.5569211,192359.6694,42820.20352,34238.58077
17.585,1560.04167,192603.6828,42166.53233,35018.35007
17.590,3490.647623,192380.3001,41390.79379,35370.57786
17.595,4890.193538,192022.8662,40421.94696,35722.20756
17.600,5191.55283,191129.3165,39426.99002,35565.92841
17.605,4504.975633,190189.4028,39053.49629,35639.6654
17.610,3820.920206,188668.4042,38839.39356,35410.638
17.615,3637.767798,185500.5451,39021.58953,35040.21983
17.620,3275.10982,182114.7019,38945.29489,34658.43686
17.625,3378.425369,177988.9279,38484.57239,34326.36512
17.630,3456.113648,172544.5602,37432.28493,33572.56847
17.635,3278.766719,166649.3211,36568.02194,32929.16593
17.640,3080.794666,160742.4578,35933.27553,32623.68691
17.645,4009.921835,154568.2838,34792.10168,33008.08253
17.650,6180.002392,148657.8358,32931.55133,33735.11665
17.655,8892.108528,142861.5516,31494.5652,34423.61065
17.660,11461.73519,137733.7663,30828.0341,34995.64073
17.665,14067.03693,132474.1918,28480.11909,35096.02119
17.670,16965.43865,128014.4887,26295.09766,35444.30106
17.675,19820.35758,124855.0396,25504.69436,35865.02103
17.680,22362.1759,122000.9426,26357.1043,36656.98574
17.685,24730.63711,119810.6846,27710.44198,37198.92156
17.690,26909.61552,118006.6957,29216.60983,37582.71497
17.695,28625.14775,117081.095,30735.85812,38124.10759
17.700,30506.38283,117139.3326,31894.98452,38852.63845
17.705,32068.89093,118265.0619,33467.5576,39461.14328
17.710,33089.29354,119741.7815,35479.94481,39973.19636
17.715,34404.9373,121891.9358,37629.1627,40288.79644
17.720,35588.30042,126180.7951,39277.68656,40690.7307
17.725,36357.13519,131417.7747,40547.30489,40975.72036
17.730,37019.06562,136173.2716,41546.00556,40986.22995
17.735,38170.64072,139826.2639,42781.74982,41376.81626
17.740,38984.90325,141020.0186,42859.46518,41344.90853
17.745,39635.115,139884.1655,42820.22689,41278.43465
17.750,40510.80476,137730.9467,43177.29967,41471.55162
17.755,41427.41993,135433.6465,43627.05554,41476.1365
17.760,42507.68933,134574.5614,43795.93507,41730.72175
17.765,43315.04996,134976.5333,42775.24842,42313.82533
17.770,43617.959,136567.9485,39797.22085,43053.13596
17.775,43688.93026,139116.2407,37080.45809,43493.2176
17.780,44149.21989,142709.3088,35745.22887,44138.81322
17.785,44847.3219,145855.9314,33871.09694,44337.97186
17.790,45100.77847,148180.8162,30605.883,43901.04784
17.795,44729.75919,149125.554,25981.94224,42971.18514
17.800,44651.21158,147976.2952,21879.95807,42648.51711
17.805,45003.17732,144542.776,18674.82814,42187.14037
17.810,45451.95726,141169.6517,15887.20324,41612.81334
17.815,46027.91266,139362.214,14159.60814,40924.76056
17.820,46734.90609,139000.3393,13709.84097,40205.87426
17.825,47430.63068,139065.4376,15759.77231,39500.4601
17.830,48026.19994,139779.6741,18481.35579,38841.9204
17.835,48281.7634,140429.0054,21358.17884,38524.69631
17.840,48664.00928,141068.7264,23749.8019,38514.84372
17.845,48878.2179,141347.0446,26306.89273,38447.19184
17.850,48364.16471,141072.3318,28610.17222,38091.44973
17.855,46909.94659,140009.4565,30159.0821,37619.66263
17.860,45111.7748,138411.9859,31013.89716,37362.56763
17.865,43696.74272,136659.3188,31254.19865,37351.81967
17.870,42093.72136,134259.7508,31123.14421,37303.21181
17.875,40053.7378,131773.56,31567.83884,36469.34673
17.880,37264.63055,129197.1597,31628.41893,35163.129
17.885,34360.57793,126616.3746,31536.83988,33723.15108
17.890,32343.20365,124801.5635,31694.65043,31933.60324
17.895,29762.74633,123567.1672,31715.41961,29679.92589
17.900,26770.15902,123028.321,31618.25442,27279.18017
17.905,24329.13808,123360.4167,31667.83604,24273.61128
17.910,22256.82987,124229.607,31939.54229,20965.69676
17.915,19775.13307,126027.8872,31974.90515,16304.61612
17.920,17221.44196,128141.5952,32134.66994,10715.71445
17.925,15133.22356,131177.1172,31929.4588,4078.824597
17.930,12279.83668,134149.4188,30966.54216,-2007.901915
17.935,10748.65564,137211.4417,30227.09054,-4852.513131
17.940,11672.33534,140075.8082,29762.81827,-3878.441209
17.945,13206.17149,142834.2334,29876.21617,-1842.651286
17.950,15172.33305,144756.4126,30057.40599,705.7399458
17.955,16732.94599,146083.7469,30490.17008,3756.403824
17.960,17335.7257,146605.4681,31403.48785,6245.150321
17.965,19202.25369,148017.113,33777.69985,10163.60386
17.970,20159.15462,148254.3908,34740.18924,11823.65619
17.975,21806.79123,148441.1129,35526.67287,12452.75261
17.980,22272.83091,148458.7199,35824.92022,12763.6326
17.985,22715.63277,148873.7837,35825.5867,12916.25696
17.990,23324.41558,149926.009,35454.53565,14085.45556
17.995,22418.2829,150733.4653,34672.89368,16781.0632
18.000,19893.2512,151288.9059,33487.03474,18953.33242
18.005,20276.39497,152296.4572,33071.07745,20601.64426
18.010,22515.54634,153073.9283,33106.29799,21763.38326
18.015,25419.53213,153498.7302,32212.06973,22215.84866
18.020,25987.71607,154439.3926,31273.6154,22435.06818
18.025,25418.90855,155171.1107,30728.14466,23185.82918
18.030,24249.52867,156016.4957,30015.06558,23437.85941
18.035,22975.79631,156997.7373,28369.20362,23024.60255
18.040,22657.0652,158231.5717,26711.79956,24175.53827
18.045,22434.80189,159563.3247,24681.50362,26402.07974
18.050,21874.39428,160679.3858,22537.93575,28938.97718
18.055,22435.69135,161506.7751,20688.22084,31290.65737
18.060,23678.15223,162089.4097,20206.76554,33647.12703
18.065,25666.57687,162658.3691,20056.85405,36129.9268
18.070,27449.79765,162818.0225,20063.47535,38050.07422
18.075,27817.37006,162857.949,20790.61262,38964.34838
18.080,28759.05239,162816.7388,22061.46902,39786.21533
18.085,29328.63992,162397.4792,23099.90741,40556.21533
18.090,29229.89033,162258.7151,24262.42083,41491.72786
18.095,28995.02096,162234.5407,25384.81435,42510.15156
18.100,27728.04647,162519.2408,26923.30449,43704.13733
18.105,26480.11151,163473.0806,28916.79728,45454.65893
18.110,24760.76485,164310.7044,30322.9765,46937.6925
18.115,21491.39177,165425.2906,30840.91511,48135.27911
18.120,18025.31632,166570.7779,30822.45929,48991.50663
18.125,13978.32512,167901.272,30093.27153,49507.95356
18.130,9590.290623,169390.702,28899.56668,49944.05594
18.135,6049.710179,171196.3904,27793.71126,50700.09665
18.140,3347.478686,173637.6736,26986.81709,51224.90829
18.145,1850.761491,175987.523,26533.98898,51692.22776
18.150,1194.719133,178350.5514,26481.05468,52339.15799
18.155,3201.07553,179905.9484,26893.65502,53591.78198
18.160,7034.717705,179696.5952,27774.91633,54632.02302
18.165,11525.24607,176972.214,28621.02747,54716.92255
18.170,16624.03801,172341.7505,29035.78098,54302.60813
18.175,22370.73501,166736.3909,29545.22054,53952.55844
18.180,27150.50733,161418.0125,30045.47705,53432.82832
18.185,30859.49648,156133.9556,30938.12212,52797.80238
18.190,33396.83433,151147.9801,31953.49736,52224.82945
18.195,35255.1052,146221.365,32622.23572,51432.1142
18.200,36568.10879,142065.0683,32305.39396,51050.82068
18.205,36961.01611,138700.6356,31300.74206,50729.7697
18.210,36802.44995,136918.8651,29882.57149,50041.87286
18.215,37182.70999,136055.1848,29009.30476,49072.79221
18.220,37605.33213,135671.7404,27978.87094,48052.68953
18.225,37846.04946,137075.6209,27115.29929,47524.71741
18.230,38445.82284,139257.1954,26645.22983,47189.33611
18.235,39626.30008,141653.9955,26595.04435,47214.10411
18.240,40701.6019,144097.8919,26136.10902,46716.51102
18.245,40939.36082,146535.0818,25786.4161,46459.01982
18.250,40566.50187,147560.2746,25154.423,46776.39179
18.255,39391.84868,147312.7828,24698.57799,46785.15416
18.260,37261.50613,145826.236,24376.49233,46761.64361
18.265,35101.64071,144307.7214,24250.65044,46592.23146
18.270,32343.53558,141163.8668,24131.18068,46336.64149
18.275,29755.89062,136091.6914,23561.08215,45623.49071
18.280,27444.69699,131938.3902,23089.37274,44779.35984
18.285,25861.27294,127911.7172,22632.91917,43799.35656
18.290,24326.04267,124401.2382,22535.44031,42584.48589
18.295,22909.74295,121511.8747,22378.3468,41125.89686
18.300,22863.1717,118870.5249,22666.15877,39954.81115
18.305,23767.44432,115824.3224,23109.80762,38376.10347
18.310,25290.46402,114050.6395,23687.53874,37136.54203
18.315,25906.12301,112367.7944,23965.16434,35634.08218
18.320,25606.27751,110623.4661,24291.34407,33996.94184
18.325,24577.20639,109020.0005,24686.76858,32342.96574
18.330,22783.85814,107034.3413,24376.59684,31301.46437
18.335,21370.83817,105966.0111,24812.1792,31527.95761
18.340,20012.44827,105297.4579,25803.7078,32170.8757
18.345,18966.43273,105324.7924,26429.99837,31524.21595
18.350,18769.05295,105839.2451,27512.89037,30616.89707
18.355,18253.16749,107101.3123,28961.37261,30084.91889
18.360,18212.77938,108440.2371,30404.03801,29891.88472
18.365,18129.37523,110219.5086,31619.28443,29689.60524
18.370,18220.64604,112402.23,32457.93825,31928.59345
18.375,19517.28551,116468.7987,32904.96955,35173.10673
18.380,19712.9953,122689.7734,33256.93133,37871.97542
18.385,20400.32104,129087.6065,33403.61113,36960.6909
18.390,20978.36428,136154.2725,33477.1519,35512.80159
18.395,23484.28417,144052.0517,33518.31927,33628.8928
18.400,26314.02274,151422.236,33478.95654,32504.23987
18.405,28604.1037,157108.3733,33473.86899,32581.9441
18.410,30460.47199,158763.9364,33268.96112,32611.50788
18.415,31215.26655,158717.7171,32777.79132,33525.58189
18.420,32729.11647,157754.3342,31771.05526,33714.29041
18.425,33236.17838,156229.7955,30593.72123,32187.43113
18.430,34971.01954,154286.5396,29802.62593,31294.63097
18.435,35666.70894,151857.9536,29426.43469,31091.61559
18.440,35510.53555,149172.907,29311.21429,30193.32081
18.445,35167.13139,145785.1413,28587.96823,28500.17439
18.450,33047.12844,141845.5458,27705.24672,27523.40947
18.455,28750.11085,137419.286,26955.27792,27360.95591
18.460,23245.56034,132341.5317,26190.31741,26566.42976
18.465,18588.03939,127437.5325,25254.41673,25846.0279
18.470,13059.19718,122125.8066,24506.04365,24911.78477
18.475,10706.22927,117406.0186,24201.11196,23927.02562
18.480,13175.98756,114104.6218,24570.05575,23150.39455
18.485,16715.53087,112029.6399,25123.52916,22711.74637
18.490,19964.08613,110380.6506,25590.00947,22617.68124
18.495,23666.01893,109714.886,26775.44315,23345.45388
18.500,27782.34412,110105.5178,28200.08033,24437.97784
18.505,31833.41983,110940.1501,29410.43874,26299.67892
18.510,34757.01173,111880.7884,30348.23582,28705.13747
18.515,36949.35484,113234.4094,31065.58998,30962.70302
18.520,38971.05537,114440.194,31523.02509,32939.07705
18.525,40578.35784,116105.0626,32052.15808,34804.53329
18.530,41069.06956,118249.7511,32200.95403,35082.52124
18.535,41158.53113,120987.2593,32320.4467,34571.51484
18.540,40678.57106,123470.7458,31923.22087,33808.0456
18.545,40017.49781,126558.7478,31529.07824,33163.9556
18.550,38576.03865,130811.6296,31073.49112,32276.85439
18.555,36897.33365,133715.6665,30799.03453,31608.05833
18.560,34878.76015,135119.7038,30646.26246,30731.7063
18.565,32440.9502,135465.325,30762.92335,30181.60573
18.570,30633.78021,133666.7163,30558.20078,30101.74673
18.575,28882.54814,129830.1754,30841.71166,30603.33168
18.580,27369.44772,125336.1766,32250.3319,31580.88488
18.585,25835.61186,120245.243,33210.41032,32596.07761
18.590,25242.45441,115361.3697,32930.11215,33661.82828
18.595,25296.90008,110818.3332,32418.19115,34449.2596
18.600,24307.94847,107269.1645,32416.19256,34968.92379
18.605,22090.2353,103890.9171,32555.67855,35467.2745
18.610,19185.74955,102121.1549,32301.79117,35877.38506
18.615,15691.10594,102131.9987,32661.18115,35692.30466
18.620,12727.52286,104472.9902,32839.41647,35642.82792
18.625,10939.7272,108562.4623,32529.18669,35716.25151
18.630,10703.58368,113095.9859,32554.44398,35862.89098
18.635,12382.43632,118483.638,33003.4777,36304.95571
18.640,16241.91424,123930.2455,33466.66638,36227.29908
18.645,19961.93638,129288.6771,33188.68831,34050.19034
18.650,22610.97607,133576.8441,32335.33145,30897.15578
18.655,24546.2527,137171.4799,31566.50199,28245.80206
18.660,26852.17721,139410.0111,30088.00475,25008.0509
18.665,28175.13746,141075.5904,25856.75202,21966.5329
18.670,28589.91515,141396.2129,22229.49562,20262.23669
18.675,28844.64239,140699.884,19762.61025,21798.56507
18.680,29315.66348,139753.417,17999.64944,25332.44502
18.685,29808.30789,138077.2875,16972.09287,28856.31421
18.690,30660.03259,135553.0389,17514.93696,33167.86634
18.695,31024.54161,132687.1083,17986.3073,38811.68219
18.700,30615.82268,130535.3699,17380.35053,42593.49785
18.705,29547.46526,129655.3862,17121.27816,44164.78619
18.710,27946.00686,129600.1441,17555.576,44909.00435
18.715,26266.84412,130910.631,17908.86464,45609.10426
18.720,24819.82356,133192.3036,17817.6452,46109.31933
18.725,23686.81624,136602.9933,18555.412,47249.81924
18.730,22286.85375,140176.0547,19137.24944,48341.96562
18.735,21803.73537,144386.9143,20076.51508,50218.11938
18.740,21554.05513,148170.0392,20917.03076,52157.57192
18.745,21540.50771,151470.8666,21355.85875,54498.65017
18.750,21466.01408,153785.804,21534.74264,57177.89473
18.755,21793.93341,155641.5742,22149.08678,60282.98875
18.760,22427.78481,157067.0927,22395.88516,62903.54256
18.765,23246.32067,158156.6966,22336.72384,65717.14684
18.770,23864.19051,158594.4336,22269.49465,68391.03529
18.775,24463.0759,158973.0197,22567.97803,70142.32851
18.780,25240.97509,159876.6512,23042.69026,71466.93965
18.785,26179.00726,160475.4807,23626.82474,71310.53136
18.790,27066.1861,160805.556,23745.95018,69617.62593
18.795,27769.04863,160862.1272,22892.69785,67566.97679
18.800,27934.54306,161100.9831,22579.2929,64972.42181
18.805,27848.3961,160611.7769,22444.11785,61876.6988
18.810,28080.918,159755.2691,22129.73671,59541.16874
18.815,28554.96096,159171.4242,22094.50572,58112.13271
18.820,28679.6017,158955.7703,22330.01706,56860.71572
18.825,28445.21193,159267.6559,22389.91535,55804.0366
18.830,27309.34667,160113.0238,21093.63273,54931.9027
18.835,25363.50701,162171.5775,20566.07061,54449.99223
18.840,22794.93565,163581.9009,21297.2167,53683.6598
18.845,20513.30566,165068.7323,23188.08413,53037.30441
18.850,18457.28818,166455.5657,26841.4369,52139.49104
18.855,15764.50687,167782.4646,30813.49631,50994.96577
18.860,12694.25855,168841.3862,32891.45372,49695.20587
18.865,9125.908885,169585.2001,33204.92367,48155.78911
18.870,5776.050094,170706.9513,33673.5585,46846.76614
18.875,2492.178176,171906.9563,34042.12947,45988.50036
18.880,-432.2472312,172884.9954,33621.73509,45339.4004
18.885,-2173.963435,173593.9747,33269.48366,45011.44464
18.890,-1507.487504,173094.8286,33484.50907,44524.39527
18.895,1592.670294,172208.7246,33803.87253,44228.84693
18.900,6508.205336,170952.7154,34008.71422,44125.62283
18.905,11864.01363,170139.8318,33997.33989,43927.52843
18.910,17507.39564,169275.9204,34323.1824,43751.55472
18.915,21007.13112,168362.7331,34939.14467,43404.96171
18.920,22989.46844,168230.0457,35769.39259,43343.03554
18.925,23541.90622,168417.1777,36432.16592,43267.80321
18.930,22963.31628,169467.628,37172.0236,43296.53007
18.935,22782.19256,171955.2089,37763.1627,43158.83696
18.940,21907.77169,175026.7184,38031.87341,43154.28614
18.945,20251.09903,178077.0778,38291.60417,43015.44592
18.950,19103.73471,180808.969,38670.90037,42810.36114
18.955,18637.25151,183270.8834,38682.18417,42797.42816
18.960,19058.81127,186639.785,38938.42322,42835.07299
18.965,19885.7391,189775.9958,39685.30689,42918.56869
18.970,21302.82488,191345.9911,40659.18976,43207.44741
18.975,22701.89012,190609.3871,40790.74728,43112.83552
18.980,24227.01344,186737.8431,39842.07872,42421.56758
18.985,25192.27825,181558.3746,39105.68325,42005.45352
18.990,25759.87832,175288.6945,38895.5621,41679.40078
18.995,25805.30797,168877.0756,38199.56298,40518.63846
19.000,26824.91198,163571.3753,38214.4898,39774.67663
19.005,27656.01987,159571.0675,38290.72347,39188.06049
19.010,28490.83839,155968.0606,38427.15881,39047.00701
19.015,29388.17132,153057.465,38807.399,39390.69555
19.020,31051.87369,150466.7867,39139.96409,40073.6084
19.025,32505.32492,147921.9009,39405.58654,41202.50413
19.030,33563.36371,145923.1044,39816.98018,42766.28327
19.035,33585.32706,144485.8958,40384.84361,44462.61184
19.040,33714.90805,143735.9348,41024.06301,46051.83936
19.045,34474.53769,143669.2564,41807.07985,46900.87445
19.050,36422.521,144563.1112,42733.32024,47689.19599
19.055,38006.13819,145931.3652,43568.02976,48557.39458
19.060,40305.28588,147759.7265,44362.24688,48958.10805
19.065,41257.53752,149759.9864,44952.08686,49270.24838
19.070,41675.5064,151834.1729,45264.75881,49133.92754
19.075,40483.24104,153760.6291,45131.40816,48908.26302
19.080,39051.08333,155432.1009,44827.49538,48377.18963
19.085,35855.27957,156852.6175,44478.70758,47612.99039
19.090,33468.33747,158000.882,44144.09006,48049.75388
19.095,30645.42754,159016.9393,43866.21875,48183.93796
19.100,29149.50809,160238.4331,43969.37501,48558.98576
19.105,27615.50742,161322.088,43721.97545,48472.32876
19.110,27158.13194,162356.3216,43802.67528,48733.52442
19.115,26910.65481,162932.4938,43534.42195,48736.54579
19.120,27120.11762,163436.6665,43235.79818,47261.81049
19.125,27749.93128,163604.1739,42566.34565,44605.78101
19.130,28314.88942,163602.6302,41024.80863,42052.19619
19.135,29223.05916,163764.8054,39268.67055,39381.23715
19.140,29964.06739,164093.1031,38033.46792,37374.46452
19.145,31204.7258,165090.5312,36886.15266,35800.66189
19.150,31067.78659,166491.28,36017.0662,34247.18828
19.155,31291.16701,168485.7507,35961.67113,33275.17621
19.160,31264.23328,170640.2609,35711.78396,32300.02806
19.165,31509.12924,172665.9008,35824.4604,31185.27906
19.170,31631.36228,174779.7442,37084.06863,30805.61735
19.175,30963.04376,176727.4796,37735.05374,30814.84009
19.180,29801.38977,178744.2632,38578.44623,30981.73849
19.185,29329.52542,181133.974,39591.38213,31028.78319
19.190,29650.72286,183252.6887,40162.33426,31337.71913
19.195,30381.68877,185396.2856,40414.02383,31924.27079
19.200,31313.48527,187357.9788,40305.35478,32736.34697
19.205,32410.92534,188527.1212,39615.81229,33322.36938
19.210,33666.34095,189788.1127,38736.96351,33870.36148
19.215,33631.61105,190141.6293,38179.13345,34176.14135
19.220,33634.44447,190249.7812,37555.20744,34730.40491
19.225,33366.93351,189829.4343,36897.05683,35152.98728
19.230,32984.07828,189405.0087,36643.85719,35290.7454
19.235,32445.25207,188723.1815,36663.08498,35296.14061
19.240,31331.91915,187785.6344,36486.60057,35134.60678
19.245,29308.43868,186624.7477,36314.21432,35287.86641
19.250,26429.37953,185275.5101,36149.56512,35535.46095
19.255,23399.9328,183766.7302,35684.36067,35447.74531
19.260,20365.67376,182020.6366,35178.63238,35550.62106
19.265,16070.61403,179204.6255,34380.82446,36020.78055
19.270,15144.13274,177689.9933,33835.50603,36171.36102
19.275,12342.0316,174294.6327,32397.20861,36610.25126
19.280,12076.52221,173993.401,32339.34198,36669.77603
19.285,11839.57224,172958.3318,31848.91969,36982.01749
19.290,13660.28415,172921.8494,31473.63841,37466.07278
19.295,15579.77403,173399.1095,31497.78028,39218.27276
19.300,16937.25426,174594.7083,30864.02421,40284.32377
19.305,18287.23832,176096.4021,29503.94398,41225.5179
19.310,18914.26843,177617.0838,28904.15189,41265.74343
19.315,19005.27165,179915.4556,28586.02345,41033.63101
19.320,17475.8167,181200.7054,28134.50367,40752.13635
19.325,13847.34214,183350.9148,27922.74246,40589.27118
19.330,11431.58127,183227.3229,28656.61497,40297.76664
19.335,7062.204412,182607.9199,30519.13673,39769.22055
19.340,4579.048994,180166.2444,32596.44799,39502.45029
19.345,-1931.881603,177317.7209,33713.61787,39787.03678
19.350,-4948.232908,173439.0026,32840.98639,40050.32134
19.355,-8765.82654,168257.1891,32783.05334,41260.04568
19.360,-9655.085171,164171.9816,33336.11462,42703.15699
19.365,-10987.10795,156684.1612,34092.29421,44724.78159
19.370,-10416.4119,150984.0462,34187.58729,45990.22594
19.375,-7658.845375,142846.8535,34969.97907,47223.01249
19.380,-6328.107843,138850.5998,35171.52379,47744.88585
19.385,-2804.867037,132814.0662,35355.06459,48412.59211
19.390,2428.548069,130717.5952,35306.11152,48651.64882
19.395,12508.38239,126784.4286,35782.55669,48441.70331
19.400,14535.39155,125195.0788,35840.68546,48229.67898
19.405,17028.81495,122598.887,35846.41992,47759.01022
19.410,15827.13828,122245.6345,35886.74491,47266.17184
19.415,15709.13316,121614.3131,36164.19306,46355.17339
19.420,16821.04851,121779.8911,36370.90431,45661.76542
19.425,19162.61931,122346.5031,36981.929,45032.82447
19.430,19667.37048,123600.5115,37203.48437,44724.49679
19.435,22318.68217,125678.2795,37954.8151,44612.8991
19.440,23885.80273,127290.0777,38324.55383,44682.23589
19.445,26988.31351,130381.5092,39146.45147,45102.51894
19.450,28001.61895,131829.037,39137.41779,45741.88236
19.455,29381.05578,134600.2027,39037.70823,46202.95213
19.460,29257.30141,135373.6372,38818.18635,46691.02347
19.465,29242.73343,137182.4119,37331.04703,46848.75752
19.470,28573.11663,138033.1092,36213.42625,47485.247
19.475,27138.67309,140408.4413,34192.26784,47316.87903
19.480,25556.28453,141828.7921,33046.45993,47579.64407
19.485,24525.20329,145133.7533,31063.04883,46992.33475
19.490,24450.36945,146866.2323,30219.47032,46814.31882
19.495,24361.26461,150478.577,28740.66074,44176.84304
19.500,25320.83417,151967.2246,28659.62382,41879.30034
19.505,27047.31912,154746.6506,28359.79447,37484.64037
19.510,27938.58892,155866.2276,28327.93737,34632.02092
19.515,29748.88404,157365.3856,28278.49207,30772.33874
19.520,30350.63628,158020.2841,28505.42643,28958.30098
19.525,31291.91017,157307.4209,28881.00963,26528.13011
19.530,30932.45064,156549.8474,29371.85645,25921.44521
19.535,30973.39244,153866.3598,29636.38243,25368.22998
19.540,30586.8928,151798.8342,29150.99563,26518.70976
19.545,30039.1953,147305.1875,28201.50566,28215.64931
19.550,29251.00735,145313.9333,27077.35865,30346.69266
19.555,27446.94082,142231.0589,26246.47871,33919.12193
19.560,26503.55759,141032.6966,26443.74503,36643.24698
19.565,25740.51536,139525.7031,26803.76227,39076.68692
19.570,25984.40562,139158.3903,27406.92126,39368.74133
19.575,24097.53734,138960.1266,28828.83826,38825.3777
19.580,23319.31256,139262.9751,30035.19563,35635.84788
19.585,20706.46115,140338.237,30850.40164,31627.20323
19.590,18290.03872,141168.4963,31073.51318,33061.03361
19.595,13512.89051,143562.7718,31591.59242,35788.87538
19.600,10997.4159,144698.3665,31556.12747,33534.12965
19.605,5781.964902,146922.6993,30841.56617,31544.68271
19.610,4189.383743,148204.0288,30592.82503,32520.83128
19.615,2341.17163,151310.539,30930.91493,33940.17431
19.620,2274.368048,152339.8158,31364.11759,33219.32774
19.625,3079.70534,154521.7907,32534.95543,32379.8216
19.630,4618.848878,154204.4123,33091.79505,31229.28944
19.635,9066.115693,154293.4638,33794.56843,33176.36699
19.640,14228.24016,154180.7569,33923.41838,35027.84645
19.645,24115.24064,154265.6181,33984.81307,37527.96733
19.650,29690.57239,153670.6804,33588.40169,38167.7843
19.655,38373.32869,152832.2352,32769.79096,38827.39306
19.660,41545.40597,152182.8551,32107.7445,38682.61299
19.665,46285.63208,151321.1447,31430.10003,39414.21204
19.670,45987.52411,151643.3536,31154.83192,39478.88498
19.675,46873.03743,151998.2272,30941.72559,39290.49185
19.680,45197.91685,152847.3908,31040.48235,39220.71841
19.685,42398.48283,154712.3677,31342.49257,39673.09641
19.690,39411.00401,156371.3099,30700.57308,38906.65555
19.695,40295.63153,157816.7103,30078.52195,38402.30219
19.700,41370.4207,159653.1013,30224.16111,37643.8584
19.705,37934.88229,160978.7506,31002.1709,37184.71482
19.710,31023.01128,160649.803,31763.22261,36529.98006
19.715,24679.33463,159665.4818,33212.1795,36195.64731
19.720,20379.29667,157039.863,34740.12155,35929.61178
19.725,15823.38703,154326.4153,35787.68085,36134.65174
19.730,9364.359663,151415.7958,35909.01091,36057.07019
19.735,6681.016793,149382.3889,35807.46984,36399.83155
19.740,8039.991161,147491.1373,35273.49802,36756.49574
19.745,9966.698587,145462.0265,34661.35964,36808.65356
19.750,13100.54608,143796.7717,33922.05736,36795.55257
19.755,16961.49296,142728.7172,33591.84855,37001.54097
19.760,21220.49285,142535.0777,33685.99695,37426.99074
19.765,25022.28981,142716.5643,33928.34331,37887.23631
19.770,30016.58771,143858.7448,34056.0669,38817.86573
19.775,33863.02582,145652.0458,34389.10313,39796.7779
19.780,37005.03783,147801.6272,34644.05186,40155.3441
19.785,39118.85465,149979.7518,35188.29563,40260.25897
19.790,40287.13367,151136.7694,35252.7744,39573.79167
19.795,40745.58659,151753.646,34680.28323,38361.09942
19.800,39830.4812,150294.0463,32925.63339,36123.49642
19.805,40433.2017,149529.3118,33166.78984,35525.67754
19.810,41708.22039,147952.4215,33908.41907,36285.53422
19.815,43031.23972,145187.6336,34216.23203,37324.63279
19.820,44586.42349,142578.9916,34819.05286,38797.18288
19.825,44863.80124,140065.6535,35262.87326,40652.2517
19.830,43188.12898,138535.727,35243.65967,42742.68526
19.835,39381.64292,137355.9009,35000.81074,44777.50919
19.840,35171.65315,137059.4695,34528.23478,46005.72714
19.845,33476.5452,137437.2155,34025.51064,46875.02426
19.850,33379.36922,138136.9996,33491.986,47843.49001
19.855,33298.53358,138092.4463,32741.51877,48666.80381
19.860,31371.40185,137934.5304,31583.07641,49061.60559
19.865,27885.29144,137253.2174,29932.96603,49347.7405
19.870,24621.66562,136103.2315,28164.12234,49378.45716
19.875,21392.65081,134283.4805,26679.01624,49078.14143
19.880,18266.41733,132127.2022,25123.03302,48744.44281
19.885,15410.42347,129644.4966,23376.27797,48286.23522
19.890,13901.1078,127313.5637,22396.27289,47342.53865
19.895,14305.52473,125144.7296,23114.42148,46364.39363
19.900,15436.4202,123066.4224,23256.47041,45501.29872
19.905,17139.32345,121398.3038,21598.98374,44830.8373
19.910,19233.77252,120060.6494,22164.78651,43977.85678
19.915,22124.43393,119383.7711,25670.88634,43257.48655
19.920,24409.68828,118171.4327,27859.98712,42015.13676
19.925,26394.67986,116642.9381,29758.65677,40955.46118
19.930,27929.89228,114332.7383,31573.38602,39358.73868
19.935,29046.04514,111423.8514,32821.92815,37701.08561
19.940,29694.16673,108247.5343,32890.51491,35876.44167
19.945,30468.97571,105642.3352,32667.985,34105.23232
19.950,31369.46142,104006.9554,32827.63644,32575.20722
19.955,31843.14879,103084.8098,33598.03237,31295.05987
19.960,32254.43757,103342.5022,34235.14875,31259.97865
19.965,31904.09869,104080.8758,33689.0656,30965.44732
19.970,31347.92026,105150.9786,33069.73265,30684.90843
19.975,30446.41641,106625.9967,33796.41216,30292.98802
19.980,28666.4782,108684.6875,33516.47519,29732.74083
19.985,27087.91201,111730.1071,32592.97941,29330.6329
19.990,23638.347,114159.7763,31933.10227,28095.36104
19.995,20202.55704,117576.5242,32173.06619,27451.63126
20.000,17334.32896,121235.1538,32793.66373,26828.17166
20.005,15222.59335,124806.9488,31787.0048,26410.66355
20.010,11841.45436,128575.1387,30138.39099,26437.89612
20.015,10492.11344,132400.1564,27403.9712,26706.39318
20.020,12556.62326,136036.7892,25458.78456,27398.57074
20.025,16711.9246,138851.4122,23259.07679,28352.26123
20.030,20330.49684,140772.7434,18891.41256,29510.8915
20.035,23377.86596,141983.3826,16178.44385,30502.74612
20.040,25547.45027,142475.4776,15216.22432,31227.41711
20.045,27332.29046,142594.0047,15188.83585,31848.27957
20.050,28488.18017,141952.4642,15244.78753,32520.42885
20.055,28707.13247,140970.4443,15564.93306,33298.38506
20.060,27782.43498,139463.2188,16231.01685,33934.52925
20.065,24837.76378,137702.9564,16147.62343,34562.9183
20.070,21696.03592,135938.4118,17049.7259,35147.59672
20.075,18793.71009,134047.9465,17300.24955,35577.78215
20.080,16851.62471,132106.9604,17746.03365,35720.75693
20.085,15091.67822,129970.1766,18033.43048,35722.12797
20.090,14025.02031,127812.3278,18512.27328,35495.51153
20.095,14504.16716,126273.6265,19324.95407,35394.41873
20.100,15898.73835,125511.6768,20852.52075,35425.49909
20.105,17002.99178,124260.1666,22561.28146,35376.10196
20.110,18039.61717,122923.6607,24638.04936,35632.39799
20.115,20194.23886,121940.1141,27099.60377,36319.99295
20.120,23439.5543,120801.3403,29489.07047,36917.65617
20.125,26731.7227,119585.3487,31859.56154,37454.6827
20.130,29171.87017,118113.9904,33786.51967,38155.88831
20.135,31053.99891,116634.6731,35479.30741,38266.23859
20.140,31436.34954,114500.7595,36644.32281,37688.03234
20.145,31747.86267,110233.5396,37894.60688,36951.5724
20.150,31885.02013,108738.1033,38446.67252,36532.51804
20.155,32283.24923,107126.5919,39689.97458,36105.63425
20.160,31919.81768,105740.1894,41437.37656,36060.90583
20.165,32085.41761,105024.8957,44219.54127,36732.36769
20.170,31997.46626,103844.4751,46076.9959,36387.53429
20.175,31878.80282,102750.6146,47369.13349,36342.16722
20.180,31541.79362,101573.254,48190.40083,36047.79976
20.185,31126.26255,100699.9917,48473.69804,35849.05603
20.190,30386.63065,100228.5613,48090.57777,35164.74448
20.195,29265.626,101159.834,46753.36046,33797.61373
20.200,28472.1408,103457.2055,45511.48207,33132.25494
20.205,27627.04111,107904.0784,44244.07734,33365.59952
20.210,27046.24595,110254.0848,43393.60819,34312.54033
20.215,27063.40321,113664.8267,43289.07874,35970.27817
20.220,28378.43836,117832.8464,43897.06385,38231.03968
20.225,29739.54793,121481.4904,44596.77272,40090.87708
20.230,30309.15171,123813.9581,44961.693,41119.24098
20.235,30987.96198,124863.7126,45315.26289,41709.5349
20.240,31153.90274,124989.2813,45214.12834,41751.64993
20.245,31279.84754,124615.9172,45214.32096,41788.56986
20.250,31185.85691,123735.1141,44667.52538,41229.93058
20.255,31256.42848,123066.4649,44180.24491,40606.60256
20.260,31164.88068,122531.5891,42895.58514,39757.60339
20.265,30485.3471,122132.1656,41347.0172,38805.21073
20.270,28669.28186,122260.6978,40762.74644,38019.76044
20.275,26094.16087,123352.5294,40786.50167,37157.4285
20.280,22438.11008,124931.5831,40055.69255,36073.47425
20.285,19606.65703,126522.2975,38901.07023,34946.66887
20.290,17903.18555,128110.6782,37789.87592,34052.68388
20.295,17197.96919,130032.3379,37213.36371,33739.8393
20.300,16412.58773,132125.4054,36844.09257,33175.40933
20.305,15108.78281,133431.7617,36078.66373,32555.48026
20.310,14666.08766,133954.285,35887.2991,32450.56425
20.315,15263.5755,134104.1927,36364.16682,32572.53622
20.320,16302.94767,132980.9988,37514.95212,33525.2231
20.325,17127.02599,132065.9753,38464.40841,34711.05541
20.330,19058.04928,132589.7669,38057.80071,35143.92135
20.335,19291.41009,133169.5133,36426.7021,33796.95905
20.340,21292.4727,134744.2083,34745.15312,33154.97012
20.345,24698.12215,137522.2523,32617.21659,32986.57161
20.350,26635.47153,139024.8108,31331.85552,32774.10899
20.355,29163.48329,141825.5133,28631.33706,32249.33244
20.360,32781.45814,146105.1825,24873.57875,32916.89453
20.365,35532.75248,150066.9611,23030.79136,33858.8735
20.370,36570.21415,153937.3266,22134.97496,34739.91846
20.375,36167.36324,157248.5658,20052.08063,34664.42241
20.380,35272.38122,160268.5216,17967.97463,34137.34721
20.385,33897.69025,162661.4865,16919.35414,33468.43499
20.390,32099.21417,164354.6681,16206.83088,34356.99006
20.395,29850.19225,164169.2026,15286.80663,35913.60731
20.400,27314.45797,162552.5533,14766.4405,36865.68654
20.405,24505.17092,159563.8389,15020.77764,37572.42911
20.410,21511.29324,155443.119,15464.10643,37864.64634
20.415,18555.95294,150924.8963,16271.87711,38125.69019
20.420,16010.34805,146941.262,17665.25494,38937.13608
20.425,13962.82736,144130.6038,19545.88261,40027.91725
20.430,12879.0886,141747.698,21962.12763,41048.03686
20.435,12783.16005,139716.0554,24927.11091,41726.65414
20.440,13933.28958,138368.6321,28372.60984,41770.31148
20.445,15129.61275,137214.2476,31490.72752,41629.0427
20.450,15706.69071,136063.4016,33448.51004,41701.53569
20.455,16420.61116,134871.8657,34641.77394,42226.01306
20.460,16629.98137,133377.8549,35241.6709,42738.26095
20.465,17293.24487,132100.1983,35227.75108,42327.44306
20.470,16875.4667,131139.2173,34688.11952,41310.67042
20.475,15988.59981,130478.2418,34180.55142,40066.19336
20.480,15040.77288,130248.8935,33795.37897,38899.25155
20.485,14067.61379,130784.175,33613.28818,38138.87432
20.490,13431.41546,131648.7433,33046.5933,37476.59506
20.495,12456.26602,132804.9379,32722.33902,36953.01024
20.500,11567.15756,133895.5578,32998.0584,37035.43796
20.505,11018.5759,135708.2872,33100.36822,36964.66824
20.510,12079.14457,139020.9608,32726.96642,36809.96572
20.515,13936.00632,142448.93,33440.64695,37064.46594
20.520,16061.40087,145321.7672,34237.52489,37069.61823
20.525,17553.62317,147421.8878,34842.7193,36506.81737
20.530,18019.2811,149722.4521,35435.35862,36369.11056
20.535,19461.96672,151764.1149,35932.69551,36648.72868
20.540,18698.283,151385.015,35437.19576,36372.8457
20.545,19673.60263,149297.8587,34977.66049,36481.05948
20.550,20563.42439,145564.376,34590.48321,37102.68093
20.555,22755.15361,140827.0612,34296.52224,37912.45598
20.560,25473.86955,135659.4896,34344.77429,39226.13339
20.565,28308.15993,131083.0382,34777.66278,40826.10906
20.570,31001.60923,128104.6265,35507.85948,42747.67732
20.575,32221.31272,125239.9105,35698.23817,44451.25369
20.580,32890.07746,122597.7197,35599.66373,45719.69888
20.585,33310.33653,120240.3778,35264.43113,46497.61463
20.590,33162.50866,118449.2015,34663.61001,46547.47167
20.595,32113.39668,116529.5056,33309.83662,45516.18404
20.600,31586.83851,115457.6834,32307.38478,44649.79493
20.605,31659.09432,114937.3826,31564.70022,43601.98722
20.610,31754.17807,115573.7011,31092.81713,42827.78613
20.615,31923.46656,117154.8648,31128.48672,42141.50383
20.620,32359.39323,119309.7259,31194.30971,41587.62235
20.625,32360.78816,122056.6501,31992.97215,42121.96021
20.630,31694.534,124972.4038,32859.77925,43013.10717
20.635,30801.94529,127426.4758,30959.30134,44013.25922
20.640,30060.64,129598.079,27258.1482,45269.67171
20.645,29000.96109,131476.3652,25558.81697,46619.8647
20.650,28315.4916,133257.702,25588.14596,47139.17493
20.655,27707.25482,135315.4379,26159.18429,46911.71208
20.660,26921.0431,136772.8862,27303.31084,46937.84872
20.665,25878.16516,138013.7516,28734.83793,47003.47945
20.670,25847.3339,138176.7983,29748.28357,46500.55417
20.675,26145.13542,137857.0728,30478.09049,45875.10685
20.680,25844.82026,136636.9693,31961.5283,46115.48138
20.685,24808.96788,134738.7681,33580.92117,46537.2406
20.690,24370.42143,132837.299,35179.19337,47179.87448
20.695,23599.0159,131263.9226,37258.40211,47938.07881
20.700,23056.05781,130179.2769,39405.07893,48411.34283
20.705,22737.20566,129392.4141,41560.77438,48275.53696
20.710,22897.36737,129126.1903,43423.40157,48122.27977
20.715,22983.62679,129733.4371,44899.25145,47703.41952
20.720,23196.99847,130794.105,46110.36499,47258.7568
20.725,23099.45668,132124.7408,46363.24776,46170.91127
20.730,21449.52876,133806.2337,45462.1893,44395.23115
20.735,20143.12132,135772.1812,43714.49982,42628.81221
20.740,19372.69261,140032.4148,42336.71186,41621.39836
20.745,18831.27669,140325.9605,41361.61405,41589.5978
20.750,18646.12024,140125.8902,40452.5287,41235.97006
20.755,18711.82953,139707.7468,40406.86406,41800.3249
20.760,17669.63216,137440.2141,40126.69804,42258.1084
20.765,16262.25277,134875.6326,41391.77413,44430.02091
20.770,13552.55691,132432.9912,41899.71167,45271.51556
20.775,10217.10352,130350.4887,42048.20107,45437.20465
20.780,5306.82932,129272.1027,41436.9906,44590.10585
20.785,1570.217865,129510.9151,40761.40626,43680.76838
20.790,-717.0128318,130693.6611,39680.24135,42712.19891
20.795,-3465.013988,131922.1641,37499.65194,41177.8962
20.800,-5284.796994,134591.8533,36289.95148,40932.58802
20.805,-5800.897875,137912.6311,35517.70139,40996.12035
20.810,-4883.708847,141723.0187,34916.43416,40981.3508
20.815,-2128.697042,146127.4308,34775.82805,41578.73668
20.820,2365.911002,150940.2936,35046.54929,42819.94799
20.825,7725.063414,155041.8049,35538.71413,43930.00606
20.830,12922.14795,158203.3147,36352.45787,44961.09851
20.835,17243.54542,160723.4614,37140.90715,45878.86991
20.840,20619.93372,162584.4019,37967.00555,46740.06509
20.845,23283.29884,163553.6455,38537.56379,47433.24818
20.850,25437.9715,163812.6198,38993.31483,48121.66871
20.855,27014.17223,163502.9616,39163.84809,48604.17429
20.860,28253.42893,162844.7918,39100.16698,49148.08217
20.865,28940.61805,161955.8062,38941.57885,49361.03525
20.870,29570.12545,160944.3933,38911.87433,49565.17511
20.875,30214.64233,159970.4951,38975.92553,49770.04665
20.880,30456.35034,158890.0315,39146.97085,49783.07955
20.885,30245.65942,157870.2929,39425.41863,50212.75377
20.890,30562.12311,156182.6132,40359.54941,50309.19297
20.895,30673.07329,155885.646,41132.5915,50678.90348
20.900,31455.6137,154290.0627,42104.32572,51215.97692
20.905,32355.88207,152246.4448,42660.53017,51234.89532
20.910,32795.7649,149953.3594,43126.00251,51113.30898
20.915,33100.7764,146752.0373,43587.31019,51202.86916
20.920,32661.45084,144024.4809,42888.03287,50985.7773
20.925,32001.87965,140691.9867,41388.44849,50868.73717
20.930,31367.2436,137054.4575,39318.47938,50399.14773
20.935,30478.49173,132850.3189,34714.71853,49673.43081
20.940,29264.23992,129457.7257,31221.96185,49036.68618
20.945,28982.49249,126546.1215,27564.78391,49195.55478
20.950,29678.67616,124049.1819,23535.99418,49403.1934
20.955,31113.06366,122124.7753,19489.38838,49761.2224
20.960,33636.68293,121247.2475,17597.45284,50407.13918
20.965,36819.83373,121375.625,17407.24541,50946.89397
20.970,39425.15287,122390.8871,17742.7571,51485.72869
20.975,41564.96386,123661.1792,17908.0959,51699.39559
20.980,43635.80374,125678.7732,18127.43151,51919.31133
20.985,45217.42501,128282.1509,19117.27012,52050.63313
20.990,46102.23043,131646.6125,20184.16569,52009.51129
20.995,46905.10533,135601.7217,21159.04672,51412.79445
21.000,47200.44405,140100.5701,22327.37621,50748.28016
21.005,47921.0269,144212.5381,22743.23968,49766.1359
21.010,48568.48136,148188.7306,23147.25495,48724.22666
21.015,49164.12494,152166.9799,23704.59047,47459.12177
21.020,49090.0199,156300.1918,24260.31275,46478.6059
21.025,48141.20875,160205.4513,24637.55492,45711.80139
21.030,47813.01176,164359.1828,25120.01389,45160.9851
21.035,46779.59104,168719.1513,25387.5646,44693.24468
21.040,44665.4067,172619.6463,25840.98645,44390.97174
21.045,42680.98645,176526.1959,26333.64003,44149.53006
21.050,41480.24868,179791.2584,26752.88593,44041.08485
21.055,40956.85631,179682.1699,27040.84105,43822.20551
21.060,40519.53254,178311.3665,26792.60392,43294.30654
21.065,39549.42039,176656.5693,26399.8759,42469.74783
21.070,38153.19392,175061.8143,26246.87401,41890.68445
21.075,36000.82901,172872.0725,26016.63221,41356.11463
21.080,34883.72199,170865.2391,25969.42479,41268.14906
21.085,33658.40328,169251.4318,25854.35349,41043.07366
21.090,32110.15617,166288.0677,26235.16245,40768.80867
21.095,32084.94635,165762.1241,26909.85826,40806.73578
21.100,31459.55711,164524.3742,28191.54396,41395.83997
21.105,30205.73047,162471.9808,29743.41257,42413.32275
21.110,28445.61036,159574.6133,30705.25955,43062.50527
21.115,27461.04338,155180.4726,31366.4239,43612.80175
21.120,27751.35767,149860.7331,31841.16902,44309.02806
21.125,27737.57524,144714.2739,31600.48348,44919.36192
21.130,27591.36056,141420.7698,31466.46156,46415.6465
21.135,27631.34678,139888.6437,31737.64663,48938.39997
21.140,27568.00165,141942.7359,32537.26688,52816.11591
21.145,26868.49335,147011.67,32876.03128,56201.15541
21.150,25857.35469,153730.5056,33929.63902,59591.68109
21.155,24292.65161,162254.3983,35668.46986,63006.76134
21.160,21654.78688,170886.7245,37512.81192,65611.0354
21.165,15986.32928,178061.8833,40448.13345,67661.60634
21.170,10745.16911,180291.7787,42103.29839,67612.95983
21.175,3638.730659,180534.8403,43836.53565,66571.85657
21.180,-2910.51317,176747.1738,44836.99823,64663.32903
21.185,-8948.893231,169202.0182,42157.54078,62640.80247
21.190,-10245.5179,162424.8656,38183.80926,61197.97417
21.195,-10760.21856,154743.3998,34227.5273,60197.78412
21.200,-9230.6737,146992.4523,29690.27605,59122.5505
21.205,-6981.010288,139240.2299,23109.13687,58286.2768
21.210,-2524.587007,134232.4657,19624.13532,58133.21373
21.215,2007.318309,129266.9515,16154.3098,58012.83632
21.220,6002.188855,125323.399,13367.63554,57948.39014
21.225,10168.80679,122303.6326,11923.09185,57921.86682
21.230,14238.59585,120271.8143,11561.38821,57873.69487
21.235,17741.73059,118763.2257,13014.2466,58102.46975
21.240,20702.31698,117752.0419,15340.95193,58776.82063
21.245,24229.33041,117287.5845,18542.33504,59511.36122
21.250,27401.80482,117320.3192,22040.02649,60068.47137
21.255,29792.46489,117984.0738,25248.65439,60768.17808
21.260,31474.43849,118391.806,28023.64632,61592.92685
21.265,32393.52325,118740.6578,30098.99267,62214.08646
21.270,32868.38852,119278.2503,31834.97699,62888.04393
21.275,33314.03497,119952.7683,32828.02913,63338.97676
21.280,34400.44974,120669.4114,33568.39885,63843.39322
21.285,36050.72022,121994.8219,34094.20797,64510.26986
21.290,38117.49309,123181.9038,34182.26789,65418.90246
21.295,40118.22917,123728.2209,34431.93719,66338.33387
21.300,42432.45612,123306.2882,35119.83544,67085.75112
21.305,43975.49334,120893.8254,35505.95985,67370.52445
21.310,44467.40657,117216.9755,35442.33633,67393.19933
21.315,44181.64558,113314.5753,35294.80395,67191.64941
21.320,42674.28477,109912.5775,35485.63648,66944.09594
21.325,40281.33841,107191.2496,35655.54219,66573.6661
21.330,37674.44413,104717.6845,35989.95453,66226.78986
21.335,36046.97776,103174.0669,36517.65419,65947.15859
21.340,34622.10314,102313.2253,35798.54677,65595.78003
21.345,33080.57046,102222.6099,34616.09181,64936.3222
21.350,32034.93813,103080.3197,33818.24552,64119.14573
21.355,32596.03806,104663.0393,33652.87159,63524.55355
21.360,34336.97242,106787.4394,33978.29323,62896.70755
21.365,36792.37155,109804.6552,35054.80516,62128.08351
21.370,38580.13582,113831.09,35930.1717,61308.06328
21.375,39822.8974,118755.908,36960.62171,60554.27424
21.380,40316.02242,123829.839,37305.73369,59651.79392
21.385,40207.89925,130152.2325,36712.41537,58225.58193
21.390,39154.65975,134054.7517,35841.32884,57336.57642
21.395,38061.71274,138078.0998,34644.2226,56244.36456
21.400,37391.45334,141547.7421,33719.83187,54966.05793
21.405,36553.26995,143879.4745,32415.89461,52998.4603
21.410,36590.32019,145209.0167,31875.83907,51259.19476
21.415,36896.25071,146033.6136,32218.02716,49963.00242
21.420,36322.32078,145774.3465,32836.33035,48947.88184
21.425,34606.43556,144607.7048,34001.37541,48143.05498
21.430,33489.2167,143044.9769,35131.20374,47338.82571
21.435,31962.9879,140902.019,36177.30203,46840.31785
21.440,29393.22827,137949.311,36782.83243,46343.01862
21.445,27141.19889,134828.8462,37267.29256,45617.53994
21.450,25059.98003,132059.0177,37741.06354,44767.22549
21.455,22918.04687,129053.9462,37576.00253,43510.13533
21.460,20970.41055,126279.0783,36508.36277,41924.62581
21.465,19215.4695,124039.246,35738.05972,40453.76324
21.470,18028.21955,122010.6308,35483.32583,38710.97973
21.475,18463.54159,121205.2173,34760.17152,37597.90142
21.480,19378.22458,120462.1516,34520.66537,36391.29129
21.485,21042.59709,120981.9646,35083.45005,35677.33217
21.490,23087.36482,122655.8614,36129.18683,35537.05587
21.495,25161.24682,124825.8482,37000.15421,35400.12791
21.500,26550.86297,126922.6705,37453.01521,34987.98864
21.505,27486.73361,129043.3755,37679.79436,34385.71649
21.510,27633.06717,131608.8717,38304.52897,34204.21235
21.515,27626.67989,134879.9022,38945.97596,34321.05536
21.520,27567.97417,138522.6966,39494.693,34576.72022
21.525,27434.50125,142080.9683,40068.57369,34964.07873
21.530,27082.58611,145557.8274,40448.04497,35576.8993
21.535,26201.01664,148632.2281,41045.3782,36156.23618
21.540,24420.07798,151159.3508,41396.44368,36536.46997
21.545,21540.69042,153250.1477,41872.70381,37105.05305
21.550,18934.60207,154021.4145,42186.21891,38021.35333
21.555,16837.92817,152728.3698,42480.35507,38944.46625
21.560,14405.07997,149567.9292,42495.55495,39550.90629
21.565,12271.78944,145771.6629,42244.90322,39913.94757
21.570,10450.04497,141056.3463,40569.52419,39662.85401
21.575,9643.174956,137401.5287,38822.27382,39362.95665
21.580,10536.40764,135174.9568,37490.80416,38718.09099
21.585,10825.81285,134045.1402,35856.09145,38069.80157
21.590,9780.786652,133254.5228,33219.94027,37344.8741
21.595,9524.119445,134011.3267,31757.21085,37588.19765
21.600,9409.274946,136661.4183,29916.84805,38267.07038
21.605,9211.761233,140085.4233,27637.84884,39059.01578
21.610,9147.609885,144679.1104,24933.16315,40353.76812
21.615,9826.908901,150003.9045,20887.5607,42055.31263
21.620,10620.42047,154935.0015,17557.10699,44948.56016
21.625,11613.24822,159303.7365,16457.83625,48537.72275
21.630,12871.10995,161791.4433,16856.24934,52581.79918
21.635,13963.18872,162399.0742,18008.97397,54240.19185
21.640,14786.68031,161056.1326,19619.75587,53197.33374
21.645,14399.44418,158271.0555,22306.71628,51207.94253
21.650,13725.48103,154685.6076,24707.54377,49380.35197
21.655,13893.92193,149823.7363,27007.18659,48787.86908
21.660,14281.71947,143904.0352,28980.88133,48216.14386
21.665,15600.46009,137658.5643,30647.69186,44495.89493
21.670,17347.52323,131370.5543,32112.88688,39687.68626
21.675,18986.22165,125150.0066,33571.36071,34843.49284
21.680,20433.01396,119597.8544,34796.26564,31254.65272
21.685,22046.4901,113320.9736,36149.76893,28117.01187
21.690,22377.32069,110345.1234,36248.38023,26780.34319
21.695,22836.69989,107265.2321,36911.80064,26523.46297
21.700,23902.10466,105390.4297,38342.67229,27039.68345
21.705,24742.89794,104799.2574,40239.84133,29761.49556
21.710,25241.44102,105795.1365,42451.88082,32864.79625
21.715,26524.75741,107710.3251,44364.04719,36448.13372
21.720,27826.58668,110349.1423,45646.5528,41042.83555
21.725,28827.9391,113518.3242,46211.07929,45445.21032
21.730,29289.31982,117009.9606,45844.11122,49389.15902
21.735,29050.43216,120772.4303,44473.81071,53180.68812
21.740,28410.44827,124372.1385,42191.68876,55549.2099
21.745,27402.18771,128049.3066,38997.77925,55390.38233
21.750,26068.42497,132813.4313,35905.89494,54199.06429
21.755,25137.23407,137204.0492,33215.73497,51641.97281
21.760,25088.7895,139661.4472,30809.31702,48064.31482
21.765,26114.04221,141736.4222,29230.27772,45083.67025
21.770,28101.62971,145610.3355,29305.49018,43795.15932
21.775,29951.92678,148747.8481,29389.5014,43409.09018
21.780,30731.47218,150839.1131,29333.64684,43328.06158
21.785,30504.15115,153492.4448,29687.74245,43659.33145
21.790,28894.64784,155577.3203,30084.30671,43785.48454
21.795,26503.81363,156764.2826,30028.57935,44209.68357
21.800,23037.71166,156021.7076,29072.80536,44644.03477
21.805,19386.83112,153267.7625,28128.84684,44928.27642
21.810,16273.42616,151428.0077,27647.83763,45085.66887
21.815,16947.37198,150189.8244,27345.92116,45093.59936
21.820,18231.20334,149708.2889,28011.59251,45779.81082
21.825,20304.07697,148950.8567,28988.92916,46408.9427
21.830,23265.00764,148477.5608,29819.14376,46961.48171
21.835,26146.36977,148639.5203,30072.63525,47442.61035
21.840,29045.48464,149450.9832,29735.56478,47777.96796
21.845,31838.03951,150374.671,28778.7648,48046.33035
21.850,34823.48826,151688.5513,27589.22275,48038.26266
21.855,38194.25943,153472.9423,26794.15718,47545.93441
21.860,41026.96632,155358.3978,26217.77583,46905.62718
21.865,43393.72471,157084.9852,26288.06837,46797.9567
21.870,45263.27118,158057.4703,26582.18424,46750.55311
21.875,45803.37704,158161.0609,26981.82772,46373.51019
21.880,45999.95293,157464.5558,27518.46215,46168.53572
21.885,45038.02729,156395.6539,28366.49163,46208.79929
21.890,43222.49731,155195.4079,29538.68927,46307.61402
21.895,39362.17144,153941.8381,30869.35252,45832.58978
21.900,32422.98086,153228.8583,32061.22851,45666.7571
21.905,26554.98036,152857.0018,33004.77777,45476.78779
21.910,23633.64644,153266.3389,34065.1256,44505.52628
21.915,21025.93707,154022.6872,35111.70163,43232.71136
21.920,17986.23858,155116.9754,36014.41193,42441.38896
21.925,14657.70269,156484.7911,36920.20474,42439.1172
21.930,11816.19761,157832.8388,37501.48962,41758.36697
21.935,9481.609919,160106.7158,38315.81603,40508.03235
21.940,8272.815587,162309.7414,38882.44356,39738.80476
21.945,8257.789632,165037.2298,39524.9459,39728.54465
21.950,7388.350806,168120.3042,40112.3292,39719.08426
21.955,8294.736566,171263.4022,40317.1764,39472.53189
21.960,11170.39911,174325.6953,40688.57955,39282.32564
21.965,13388.86339,176833.93,41071.04149,38953.72018
21.970,15455.60592,178747.1571,41365.28064,38566.90162
21.975,18032.51078,180344.632,41290.94187,37698.89911
21.980,18835.52996,179973.1483,40826.43043,37207.18053
21.985,19480.87703,178915.3423,39409.88848,37484.79583
21.990,20488.21188,177117.1606,37678.13529,37261.21748
21.995,21194.95652,174663.0604,36163.34606,36754.6259
22.000,21964.93975,172649.2618,35554.61417,37691.50358
22.005,22735.66488,171314.6461,34642.77971,39095.72232
22.010,22418.01155,170048.256,33901.20228,40785.15134
22.015,22751.14111,169840.6564,33324.44302,42734.13343
22.020,23079.8298,169581.1945,32820.12001,44397.60947
22.025,22981.45192,169245.4567,32041.50023,45628.4502
22.030,22876.67685,168249.3989,31660.48279,46349.91343
22.035,22835.02048,166447.2017,31963.58499,47421.93672
22.040,23073.60169,164255.572,32593.73638,48271.03938
22.045,23938.70493,162034.4724,33046.34673,48655.65927
22.050,25622.00842,159601.5562,33661.22647,48445.81502
22.055,27094.16361,157953.8284,34090.6862,47215.35926
22.060,28226.24483,156160.7593,34640.50289,45876.90463
22.065,28542.9196,153259.1834,33944.46943,43337.70246
22.070,29562.48047,149518.7705,32656.82091,40553.25381
22.075,28669.44512,146575.1034,31178.93022,37948.51491
22.080,28988.71123,143741.1029,30981.76062,36565.50766
22.085,29954.12641,141129.0463,30723.89633,35727.74562
22.090,31950.50645,138340.0286,30431.30773,35382.74245
22.095,33113.15897,137662.1893,30231.59684,35321.59196
22.100,34747.29726,136629.2146,29632.18552,36095.66648
22.105,35567.41273,136327.6766,29137.45573,37841.8737
22.110,37498.65348,135447.0775,27788.15443,39086.17934
22.115,37724.03116,136160.0776,26803.49087,41031.33853
22.120,38388.86689,136680.5004,25671.93268,42534.38495
22.125,37482.60186,137343.4585,24881.1627,43265.86352
22.130,36335.27356,136807.0462,22948.73342,42047.09019
22.135,34725.28577,137487.5102,22190.88688,41321.54779
22.140,32514.93148,138523.453,21959.9892,40471.15679
22.145,27600.43706,139966.4047,21506.16596,39553.92733
22.150,20174.34857,142041.8675,20811.20571,38530.55782
22.155,17550.34109,144426.2595,20945.72802,38029.22455
22.160,17406.47637,147679.1495,22059.60849,37816.90119
22.165,17844.36481,151661.63,23732.75957,37310.80489
22.170,18873.29887,156531.1554,24582.49476,36729.91237
22.175,19340.86944,161857.7942,24624.67081,36315.07957
22.180,19391.88362,167952.0367,24956.07258,35931.65166
22.185,19786.02099,173465.6734,25797.94443,35647.51003
22.190,20478.58217,176831.1623,24306.75542,35049.9235
22.195,21686.98506,179976.9819,20724.43855,34531.19388
22.200,22456.10318,181525.1182,18228.68763,33414.98966
22.205,24671.65095,183405.7316,18321.15436,32061.22266
22.210,25888.42021,183020.885,20259.1802,31521.7484
22.215,26949.18832,183281.7995,22742.82504,31286.73309
22.220,26530.04926,182740.4437,24184.648,30948.70296
22.225,26503.6767,182068.0879,26074.50298,31235.22663
22.230,25804.79037,181440.2099,27760.37459,31869.83213
22.235,24655.94245,180404.9203,29164.79896,32328.2459
22.240,24040.00249,178631.3095,30193.57445,33124.10886
22.245,23698.37457,175194.7725,31028.67935,33949.91482
22.250,22864.75295,172546.1623,30500.43724,34278.82494
22.255,19521.49268,169385.9899,30494.5612,34698.25937
22.260,15229.75745,165959.2353,30061.47103,34630.25906
22.265,5356.200479,161342.0122,29411.72185,34635.3198
22.270,27.68103215,158939.3006,28806.223,34824.62369
22.275,-4099.584564,155865.8059,28475.50803,34921.65555
22.280,-2686.667717,152913.17,28073.56738,34902.29083
22.285,1653.076366,148670.3036,27947.56696,35282.71966
22.290,6730.020721,146207.0612,28012.8732,35793.29413
22.295,8916.476517,141742.0041,28089.64965,36011.47133
22.300,8426.604613,135822.85,28103.69475,35789.48542
22.305,11349.70933,127333.2083,28448.0629,35926.19261
22.310,15449.52196,122064.0896,29366.87904,36064.26899
22.315,20660.30733,116914.7747,30283.69047,36243.53261
22.320,25895.84093,112932.6482,31063.01292,36489.14237
22.325,30892.02616,109137.7638,31892.20775,36901.87203
22.330,31695.95138,109718.5914,31795.82935,36563.61337
22.335,33263.93607,112201.4133,31915.72322,36394.0371
22.340,34451.79458,116760.7679,31835.46221,36276.33742
22.345,35324.29581,122719.4209,31715.22471,37204.58931
22.350,36201.56311,129863.3724,31808.29334,38649.58522
22.355,36279.83239,137426.5072,31831.94347,40865.29686
22.360,35590.85525,145503.8581,31600.22734,43450.5217
22.365,35075.0016,152741.5087,31725.87891,45545.7822
22.370,35706.17589,161107.7995,32436.03692,47572.89043
22.375,36184.21368,170400.4835,34021.46849,49668.16486
22.380,36059.11326,180478.6734,35673.9991,51894.01971
22.385,35852.48538,192831.8441,37278.85612,54148.59763
22.390,35431.12969,198861.2684,37799.38249,55524.71232
22.395,33477.72752,204001.8534,38252.13824,56261.92968
22.400,31837.77896,204840.6034,38552.94024,56235.98394
22.405,31038.45407,200765.9223,38350.35635,55051.98858
22.410,29749.17885,193810.957,38655.71048,53738.57825
22.415,27714.51369,187991.6883,39506.04711,52405.05268
22.420,26274.6725,184894.7011,40794.41907,50876.72011
22.425,26314.4247,182828.8275,42906.42542,49833.6234
22.430,27014.07256,182667.7954,43629.00102,48462.57522
22.435,28113.36329,183558.6452,44334.31255,48352.85273
22.440,29234.6102,185143.4975,44391.09,48673.77557
22.445,29413.44469,186015.6224,44700.42449,48260.14871
22.450,29203.86215,187085.7129,44392.27422,47822.01102
22.455,28817.95693,186790.965,43534.15764,47546.77003
22.460,29018.16222,186284.5037,42454.2288,46890.45651
22.465,29496.43574,184176.7794,41596.10831,46570.08485
22.470,29380.25329,183076.9734,41320.31071,46947.57538
22.475,30360.63644,180872.5759,41656.11038,46804.14885
22.480,31979.90433,178164.4394,41671.74321,46247.41527
22.485,33803.82931,175148.1752,41288.92193,45254.21233
22.490,35828.18928,171557.0175,40864.69445,44255.24275
22.495,38264.62334,167272.5719,40104.98977,43097.21049
22.500,39371.24678,162959.7889,39940.7551,42360.42932
22.505,40626.70537,158778.9864,39624.90793,41557.3536
22.510,42231.98867,155152.0117,38754.76413,41338.69636
22.515,43442.93602,151999.9171,36927.94792,41553.25365
22.520,44725.18365,149225.636,34451.67577,41471.48903
22.525,44971.39095,147540.7805,33449.50227,41553.65888
22.530,44430.05316,145924.0117,31697.92296,41226.41873
22.535,43291.76284,145052.7637,30468.19871,40798.69842
22.540,40263.23632,144377.4451,29135.77123,39774.6437
22.545,38416.35897,145153.9104,29471.39813,39524.71746
22.550,35602.85533,146964.0973,30008.88159,39201.43645
22.555,34863.14305,149612.423,30451.29585,39360.19526
22.560,35316.67471,152844.9423,32041.65475,39755.66182
22.565,35877.42602,156057.2392,33180.36656,39797.94409
22.570,35322.3475,159381.1965,34396.90518,39650.85143
22.575,33834.9132,164646.5274,35639.48433,39676.4299
22.580,32215.85266,167289.8242,36272.12295,39619.81272
22.585,30276.24696,170911.0881,37707.77597,39358.23837
22.590,28600.33133,174334.3761,38560.45622,38898.90322
22.595,26422.15525,178225.2638,39936.3999,38262.02943
22.600,25792.28154,178871.4184,39920.19593,37801.63987
22.605,25159.42003,178201.2148,39859.30928,37657.28122
22.610,24837.58929,175422.2602,39839.52888,36989.3683
22.615,24389.62659,169796.6322,39351.8831,36441.26332
22.620,22810.48863,162271.7783,38133.98661,36576.16088
22.625,19934.70178,153847.6626,36045.772,37120.68647
22.630,17916.41883,145936.9508,34697.0957,37708.61963
22.635,17546.78988,139676.5407,34091.79122,38950.57476
22.640,18490.04125,135886.2669,33401.6868,40562.88524
22.645,19852.47463,133795.1212,32627.37557,41510.55508
22.650,21657.06009,132543.8857,32441.07478,42098.98356
22.655,23553.32135,132165.9672,32478.80925,42684.16096
22.660,24433.33443,131485.0222,32746.43834,43249.46971
22.665,24203.09359,131030.9471,33012.8085,43232.50335
22.670,24862.37688,130963.8521,34152.56506,43288.26135
22.675,25143.8728,130786.8049,35401.5485,43464.69768
22.680,26524.0791,130227.3387,37854.28296,43647.42175
22.685,28978.76418,129909.3591,40562.29747,43786.60167
22.690,31644.8282,129603.4192,43479.13914,44006.36349
22.695,34585.2409,129098.9608,46870.15484,43616.86508
22.700,37683.40077,128797.1135,50294.20219,42949.79761
22.705,41072.47421,127932.9124,53664.37044,41969.13567
22.710,42401.78663,128021.4926,54455.19531,40932.68874
22.715,43417.96051,127331.5858,53873.7509,40066.74957
22.720,43291.98603,126230.1201,52315.81642,39613.67249
22.725,42048.76855,125224.0149,50469.89622,39087.47459
22.730,40380.53241,123227.8903,48773.01496,38520.38197
22.735,37059.89001,120496.6755,47076.71987,39018.85548
22.740,32596.46085,116156.3033,45320.80197,39561.34953
22.745,29985.66198,113505.9763,44556.99828,40990.62337
22.750,29145.66983,109607.6676,44049.0328,42453.4628
22.755,30421.90787,105636.9804,43552.47788,43114.0711
22.760,32543.98047,100214.8384,42910.682,44357.36968
22.765,34135.83925,97236.13946,42588.31566,45349.3537
22.770,35495.59289,95430.78543,42391.58855,46547.17556
22.775,36210.40084,95293.18333,42504.18964,47666.9122
22.780,35991.43194,95771.24695,42334.77776,48274.48019
22.785,34284.71574,96542.56757,41674.96128,48432.04446
22.790,32030.36032,97629.29146,40819.8875,48623.78291
22.795,28776.05712,99267.56953,38684.54976,48578.4343
22.800,26573.87814,100482.4095,36653.8108,47678.00476
22.805,24971.81814,102036.8714,34406.76628,46732.4569
22.810,23565.0923,103690.0861,32997.10392,45618.40374
22.815,22327.1405,106709.4988,32274.15521,44364.69025
22.820,22056.86458,108272.2689,33523.71355,43308.16446
22.825,22648.97333,110990.2704,34826.94526,42551.66459
22.830,23568.36349,114079.2293,36034.85742,41929.07553
22.835,24274.8668,117339.5407,36718.54218,41335.95187
22.840,24849.25474,123562.8807,36986.60933,41018.54263
22.845,25881.47167,127240.5532,36564.7612,41309.56326
22.850,26120.82552,132627.5761,35220.29795,41952.05985
22.855,26163.71012,138628.6201,33673.61991,42236.24833
22.860,25380.82899,148292.9527,30510.30646,42511.69415
22.865,24754.87224,152623.213,27681.18786,42970.9768
22.870,24681.12584,158537.3611,25460.67995,44230.271
22.875,24179.93179,162686.5995,24555.45231,45056.96113
22.880,23661.37061,168399.0552,23998.27967,45677.0533
22.885,23555.58452,170818.2894,24643.1791,45163.9078
22.890,23451.65938,177590.3398,26057.19433,44993.98531
22.895,23410.10561,185608.0591,27250.43045,44960.91268
22.900,23736.01723,191621.7111,28193.61253,45355.9906
22.905,24877.2719,194286.6553,28455.30745,45805.49303
22.910,25819.42615,196028.3385,28827.97681,46221.83847
22.915,26605.06154,195681.5617,29868.28692,46514.61549
22.920,28189.35693,194660.9389,31494.38789,46718.37249
22.925,28943.38496,193556.4403,32308.63571,46707.66303
22.930,29122.6763,191845.468,32704.19651,46129.99408
22.935,28726.36848,189642.5154,32387.89356,44570.43119
22.940,28322.86395,188011.5065,32287.71703,42843.32421
22.945,27513.93576,186390.9557,31303.06635,41443.30908
22.950,27619.34711,185142.2461,31209.35224,40662.81574
22.955,27908.30016,183421.8536,31359.38191,39440.24237
22.960,28297.61191,182928.6083,31572.3455,39560.12466
22.965,28753.18879,182730.1917,31821.69179,39828.35722
22.970,29340.91778,181864.5313,32212.5046,39515.34023
22.975,29359.58586,181873.4897,32478.35642,38913.35141
22.980,29091.09501,181314.8187,32327.3386,38465.85514
22.985,29859.79926,181022.9288,31568.71622,38713.83605
22.990,30622.08101,179482.2563,30125.11104,38771.66953
22.995,30985.20894,179573.45,29705.42157,39341.25138
23.000,32352.02121,179086.9976,29458.26269,40147.09995
23.005,33849.71724,178410.6532,29081.11759,41315.87192
23.010,35345.86295,176635.7865,28653.31051,42764.25069
23.015,36193.5892,174950.6344,29280.9425,43776.90836
23.020,36423.89332,172424.7575,29761.199,45612.40138
23.025,35239.23864,168719.7904,30043.86363,47191.23205
23.030,33511.03618,164206.9276,30313.42507,49198.88673
23.035,31303.67871,160705.0679,30597.62369,50216.65853
23.040,28765.6601,156939.784,31124.64913,51626.64188
23.045,25034.00194,153390.7913,31717.52815,53201.21343
23.050,19508.87375,148581.7362,32518.15151,54920.04604
23.055,16197.051,146213.6084,32908.08258,55888.18338
23.060,14349.37273,143040.2284,32881.11353,56470.47056
23.065,14274.43204,139865.1855,32603.55895,56173.48777
23.070,12324.53744,134776.224,32158.59567,55148.4244
23.075,10928.88939,131949.0905,31807.29641,54109.4068
23.080,9006.450805,127646.9997,31196.59713,52629.63342
23.085,8526.191704,123490.0362,30667.49016,51071.75957
23.090,9409.846203,119659.1311,30011.93085,49301.76444
23.095,10400.64666,118609.7863,30008.26451,48455.64173
23.100,12868.5619,119048.1722,31171.83712,48884.72793
23.105,15503.04456,120781.673,32456.57518,49127.07066
23.110,17734.02455,126065.7145,33093.25563,49108.90739
23.115,18143.72917,130340.6964,32531.20735,49381.78949
23.120,19160.61708,135859.1242,31721.25736,49980.97763
23.125,20062.44837,141550.0082,30951.02974,50066.01364
23.130,21506.47235,148412.3449,30662.38962,51788.46313
23.135,22801.07484,154612.6193,30465.97098,53840.68445
23.140,24520.29502,162930.8512,31154.67308,56041.35801
23.145,25060.3742,165989.5047,31778.89716,58175.04774
23.150,25861.86877,170321.0158,32502.56314,60906.63066
23.155,25301.86503,173080.3284,32777.59028,61743.97862
23.160,23619.10762,176175.2878,33395.30449,61631.06801
23.165,21640.12299,177272.9102,33671.60548,60921.8653
23.170,17710.50882,178856.5051,33136.70795,59863.91681
23.175,12994.36511,180292.0288,32260.76885,58026.23708
23.180,9755.998226,181507.8105,31357.82255,55735.40231
23.185,9471.436477,182835.7138,30643.42006,53530.31385
23.190,10236.35784,184116.9519,29801.36582,50730.17379
23.195,13270.13304,186429.4461,29666.25342,48600.29969
23.200,16315.29358,187787.8261,29075.57277,46585.54925
23.205,18870.01327,188475.3099,28217.66387,44769.04697
23.210,22955.4555,188048.3165,27523.29244,42470.42527
23.215,24716.13282,187077.3232,27610.38255,41291.16554
23.220,26489.98413,185191.3315,26451.23763,40012.53883
23.225,28075.26786,183539.3468,26727.60598,39057.74581
23.230,30356.61795,181046.3142,28161.84208,37946.84748
23.235,31247.01171,178431.8015,29768.97593,38018.04935
23.240,32594.31091,175011.0702,32209.60667,38425.76739
23.245,34053.49642,171311.2966,35163.30562,39210.15664
23.250,35286.90113,166221.6554,38072.89138,39400.34573
23.255,35138.98225,160838.6665,38757.48523,39432.9022
23.260,33570.33191,154053.0576,38818.32156,38626.72228
23.265,30843.11502,146883.2549,38049.67266,37569.64398
23.270,27776.51393,140483.6071,36824.58502,36411.2317
23.275,24096.86867,133701.0971,36362.80236,35024.27983
23.280,21955.20332,130626.4383,35194.53915,34902.13701
23.285,19731.75272,127817.4693,34580.27283,34552.16056
23.290,18867.27579,126078.682,34954.44286,34308.23232
23.295,19801.25691,124015.0101,36034.93373,34741.48654
23.300,22710.48353,123759.71,37097.98174,35405.98807
23.305,25043.06178,122543.2921,37516.43433,35611.93295
23.310,27614.74839,121238.2957,37649.76528,36129.21928
23.315,29682.26503,118937.2729,36895.93559,35859.84408
23.320,29796.45451,117247.3014,36273.12512,35573.80155
23.325,31591.96085,116277.1265,35676.99637,35823.2701
23.330,33903.36836,115534.052,35262.00251,36236.64423
23.335,37459.60824,115186.6141,35837.26079,36764.09535
23.340,39927.16838,115608.3739,36853.56172,37400.68359
23.345,42544.87704,116300.8048,37682.24935,37861.21222
23.350,44947.22512,117138.3537,37830.49899,38054.28881
23.355,48211.1481,118932.1791,38398.60845,38737.26165
23.360,49271.55582,120164.4137,38345.06891,39177.68669
23.365,49753.09287,121736.2518,38492.9038,39491.57126
23.370,49963.42035,124219.7838,39036.31112,39958.8341
23.375,49425.24796,124997.2671,38863.92489,39668.89929
23.380,49076.9793,126121.3204,37329.10835,39677.19928
23.385,48577.23436,127596.9787,34754.82662,40289.06346
23.390,47712.51906,127961.2176,34189.4263,41004.84896
23.395,46939.42819,128140.347,35483.16196,42846.32756
23.400,46509.03147,127842.0184,37623.44784,44286.73672
23.405,46785.93921,127021.3889,38553.66438,44114.7119
23.410,47415.75522,125845.9643,38100.1747,42868.11851
23.415,47573.97737,124080.7558,36339.39411,40509.27086
23.420,48134.58698,121311.1012,34557.93621,38327.29475
23.425,48447.24537,119568.4495,33889.39791,38157.24489
23.430,49429.08568,117597.1429,33345.4359,37406.67679
23.435,50733.29149,114999.1885,33427.51583,33159.51298
23.440,50764.50661,114017.4695,34069.9254,28961.18449
23.445,49654.64758,112328.0291,35039.13564,25156.67665
23.450,48514.48425,111000.2305,36416.63343,25264.82883
23.455,47382.68372,108734.9154,37917.48989,24086.3412
23.460,45770.771,107833.6774,38435.23561,24582.99588
23.465,44420.91215,106869.3769,39165.19114,26998.71021
23.470,42996.10518,106357.2982,39566.89559,30677.0249
23.475,41406.96255,106558.3092,40963.34949,36063.4516
23.480,39749.13248,107920.4728,41411.19197,41378.78161
23.485,38792.08093,110109.8282,42452.11371,47290.40222
23.490,38601.53493,112983.0162,43523.4909,52131.66099
23.495,37810.27294,118308.6704,45376.8151,57444.59045
23.500,37132.82311,122324.9084,46134.95489,59455.90194
23.505,36384.14931,127347.868,46887.99794,60529.4766
23.510,34647.01076,132810.4895,47338.16784,60591.11211
23.515,30772.07501,139839.2764,47965.05329,59402.65895
23.520,28210.26193,143813.9706,47853.77846,57459.80389
23.525,25768.93765,147366.7979,47805.97821,55523.17629
23.530,24768.0298,149317.2805,47765.92864,53391.30427
23.535,24226.19994,149990.9667,47169.17984,51030.98933
23.540,25581.74824,147432.1032,46253.76263,48795.13563
23.545,27029.88816,144342.9177,45601.92056,46179.11832
23.550,28269.74405,141175.347,45133.59924,43823.99769
23.555,29910.85927,137957.3045,44641.81663,41297.48529
23.560,31007.56242,135586.105,43727.05551,39551.84439
23.565,32326.78496,134295.8043,42750.32273,37751.88275
23.570,33776.58352,133980.9292,42082.20596,36497.11572
23.575,35302.08494,134453.2597,41591.08311,36153.65552
23.580,37376.28353,135187.6006,41167.90982,35504.92912
23.585,38369.45955,136238.0614,41165.06262,35800.34267
23.590,38862.6821,138003.0976,41190.72068,35578.20764
23.595,38903.24971,139791.773,41384.11433,34943.19511
23.600,39269.49978,141066.7933,40769.53058,34684.11521
23.605,39095.38904,141606.3575,38697.67458,35605.28655
23.610,38087.34579,141298.9994,34630.34046,36915.71803
23.615,36874.03798,141015.2933,31890.2181,37048.98154
23.620,36433.06996,140227.4335,28769.97288,37744.35091
23.625,36607.62333,138013.7826,26584.22828,39442.7995
23.630,37280.5744,134615.8842,25615.72609,41405.41321
23.635,38964.14406,131745.9168,26514.14207,46608.07546
23.640,39678.42891,127941.5259,27340.35449,52554.16509
23.645,39640.29035,123758.1616,27273.55735,59262.99988
23.650,38753.32141,119332.9377,25556.0977,62496.75397
23.655,37260.85659,115298.3763,22819.32129,63708.0807
23.660,34722.91612,111662.0851,18280.36694,64447.77306
23.665,32272.12706,109436.0223,15153.63014,63446.51147
23.670,30216.99844,108060.8608,13447.23243,61458.5182
23.675,30875.09853,107870.4164,12454.11029,59559.03617
23.680,33257.87343,108404.2023,13021.68901,57655.15557
23.685,35685.25302,109517.4739,14601.87579,55954.40327
23.690,37748.55436,111183.1447,16400.62027,55238.60837
23.695,38971.93747,113375.9432,18891.88054,55360.92324
23.700,39792.60262,115930.8197,21202.26244,55117.19682
23.705,40022.05557,118500.0218,23993.19778,55444.8608
23.710,39550.77378,121305.3253,26440.31777,56353.00382
23.715,39180.33721,124733.115,28967.5971,56497.01537
23.720,38661.69254,129417.5427,31946.03727,56657.90588
23.725,38092.65174,135734.7584,34863.12461,57075.59182
23.730,38057.04244,143660.9129,36827.10882,57424.0155
23.735,38372.90548,153020.9334,37423.66893,57832.64578
23.740,38462.87262,163539.4436,36098.42544,58175.67568
23.745,38872.87042,174333.3205,34662.45379,58207.00174
23.750,39726.1115,184677.7642,33321.07826,57903.48575
23.755,40821.48962,193778.8142,32413.04875,57550.16074
23.760,42248.03421,199692.951,30730.46258,57211.2972
23.765,43323.57429,201081.8408,29069.39372,57018.90707
23.770,44819.40742,199965.0937,27564.33382,56866.50904
23.775,46176.48352,196698.7462,26559.325,56596.62351
23.780,47150.95594,192985.8448,26255.7294,56089.20484
23.785,48295.97159,188026.8344,25985.94895,56044.74173
23.790,48084.76581,184131.509,26329.79665,56283.56929
23.795,46278.79936,180339.775,26314.6138,56088.45272
23.800,40992.9713,176180.0466,26326.96078,55905.03452
23.805,34380.22366,171381.9286,26055.04395,56133.86134
23.810,27305.45376,166136.0761,25043.49767,56040.32161
23.815,20699.86591,158593.928,23823.67546,55139.82058
23.820,18498.64643,153853.5737,23850.40506,54974.36429
23.825,15593.8484,147949.8938,24268.62108,55300.16572
23.830,14523.7182,142276.5159,25021.31595,55994.00436
23.835,13135.08491,136050.3035,26389.01009,56680.72013
23.840,12194.41772,132700.5111,27049.51793,56943.4945
23.845,9772.504478,129820.9081,27634.17838,56699.62385
23.850,7472.741636,128039.5617,27871.28006,55746.85402
23.855,5874.249372,125532.6539,28318.40478,53831.69194
23.860,6300.995097,126268.348,28844.83391,52016.86811
23.865,5900.43456,127389.4844,29229.92469,49736.40252
23.870,6116.85341,130134.9423,30085.98822,47783.08836
23.875,6203.807388,133726.8358,31623.19358,45902.01968
23.880,6414.522648,137504.5293,32353.60381,45007.82761
23.885,5184.827501,141070.9072,33616.48824,44588.48926
23.890,2945.305042,143967.3779,35054.63212,44534.56425
23.895,-319.4134919,145914.5942,37011.63621,44238.87798
23.900,-769.5004782,145417.6446,38052.68035,43752.45977
23.905,-1399.670442,143130.4966,39383.5779,42982.61652
23.910,-2079.020358,140587.7189,40750.65768,42477.26047
23.915,-38.54518623,137583.9401,41734.5875,42349.60375
23.920,3218.99534,134580.6261,42611.82577,43018.28769
23.925,7068.069647,132032.4504,43565.93584,43639.8064
23.930,12205.57836,129680.1227,44302.60888,44517.37531
23.935,16495.87658,128027.9199,44574.25595,45554.21865
23.940,20884.07171,127013.7556,44073.29633,46532.9865
23.945,25388.3161,127546.4331,43314.68909,47485.79479
23.950,30456.68122,129472.1129,42989.95197,48718.97847
23.955,34755.71805,133072.7803,43348.64668,51227.73895
23.960,38469.61127,138071.1311,42912.1469,54792.99196
23.965,39955.92184,143832.3754,42346.22127,58309.30155
23.970,39776.45279,148879.3322,42018.35894,61068.61792
23.975,38683.03955,152986.303,42138.83402,62987.55268
23.980,39808.73426,155353.8931,42387.38263,63324.74935
23.985,38857.84475,156216.4081,42498.1956,63020.46616
23.990,38015.39671,155517.1338,42786.95745,61994.09473
23.995,37338.74141,153963.3062,42326.69996,61042.82602
24.000,36490.3691,152613.8135,41464.44367,60444.98854
24.005,35123.46313,151418.7833,40791.01267,59122.48979
24.010,34342.33889,150928.9058,40260.72321,58095.05905
24.015,33692.10182,151165.4189,39581.44158,57384.10344
24.020,33561.03953,152295.7194,39804.98457,57289.59172
24.025,34733.5444,154379.6467,40425.35431,57095.62592
24.030,36467.30122,157180.9801,40911.21842,57071.87902
24.035,37444.60658,160355.8973,40735.12602,56762.63123
24.040,37865.92322,164169.4008,40960.26224,56265.06323
24.045,38297.41427,167992.8445,42097.57107,55929.11459
24.050,38176.80829,171442.6981,42476.89726,55487.81306
24.055,38701.92386,174852.8503,42093.03129,55168.17939
24.060,39015.22279,176947.2102,41076.62598,55025.61634
24.065,38846.54752,178187.3724,39881.45911,54639.05502
24.070,38553.93043,180796.5748,39476.7927,54425.68396
24.075,38353.96914,182741.7722,39596.51864,54011.12214
24.080,38698.71588,183363.4975,39752.73648,53803.52525
24.085,39453.81481,182749.6259,40008.34264,53697.35277
24.090,40571.17945,181376.9353,39903.24569,53386.74378
24.095,42057.37492,179925.0307,40483.93579,53504.86645
24.100,43268.89103,177925.4021,41228.10718,53710.68937
24.105,44210.5814,176112.1702,42538.27563,53766.33471
24.110,45028.70141,173576.7887,42838.81103,53657.27115
24.115,45230.32761,172331.5213,43154.89312,53312.94362
24.120,44584.9285,170929.881,42341.4987,52938.3455
24.125,42324.10948,169819.1211,42203.66788,52613.18718
24.130,39660.42119,167289.0032,40118.57341,52006.87245
24.135,38280.46044,165207.8256,39049.191,51384.19018
24.140,37066.86241,161331.8023,37200.77982,50428.1365
24.145,35545.61644,157371.2365,34809.06413,49722.4778
24.150,34343.2989,151980.5287,32270.699,49320.23661
24.155,34496.55404,148346.1946,31248.05843,49369.38683
24.160,35374.81766,144359.8171,29348.82977,49460.10811
24.165,36218.85933,141377.3445,27399.78721,49586.96245
24.170,37192.54063,138977.8178,25371.44358,49705.81924
24.175,38365.85637,137826.5609,22531.70075,50022.94545
24.180,38849.96965,137439.2489,21135.66756,50307.62808
24.185,39388.58129,138073.2585,19476.53365,50655.85394
24.190,39824.83513,139119.6396,17925.37581,50879.42088
24.195,40163.82603,140467.9699,16676.66298,51226.24193
24.200,40032.48846,143270.2452,14592.73252,51452.77331
24.205,39723.05224,144689.3909,14713.09729,52187.2573
24.210,39901.82429,147496.6717,15138.75868,53443.21491
24.215,39710.51862,150720.7891,16046.20121,54126.93999
24.220,38779.59023,155675.2098,17854.05028,53985.88468
24.225,38451.98207,158904.8345,19952.54848,54085.17321
24.230,37623.72287,163542.2466,23431.381,54600.21312
24.235,35303.23592,168088.5628,26924.47058,54644.21802
24.240,33781.70681,172981.9207,30596.23694,54611.16475
24.245,33673.19535,177424.1937,33650.10473,54226.85048
24.250,35284.63644,180997.96,37423.57138,53947.50364
24.255,37154.43511,183122.2136,38843.33547,53714.07549
24.260,37144.32917,184894.1177,40413.40045,53165.03826
24.265,35680.70138,184839.7113,40945.17587,52041.42923
24.270,34137.88469,184516.6425,41094.79367,50788.70893
24.275,31377.59527,183088.032,40381.66478,48944.49812
24.280,30177.37331,181607.7125,39979.12517,47741.89584
24.285,28805.68572,180298.3181,40322.87646,47524.00461
24.290,27564.47619,179545.9383,40674.32637,47484.564
24.295,27253.89749,178737.8602,40716.68943,47479.62665
24.300,28529.92078,178338.3976,41359.51552,48320.50867
24.305,30121.88116,178190.8569,42232.00303,49491.65865
24.310,29930.94018,177776.638,43121.90523,49952.49718
24.315,29221.06655,177162.0119,44037.06207,50127.23721
24.320,28593.40417,176866.0254,44739.12256,50212.9932
24.325,28051.22349,177447.4779,45293.09711,50145.49517
24.330,27478.16597,178689.2465,45493.43398,49707.12476
24.335,27119.46147,180663.1239,45160.23126,49303.58681
24.340,26926.9166,182918.2561,44827.49337,48781.22967
24.345,27166.09249,185250.01,45113.18069,48410.35927
24.350,28047.02426,186996.3035,45638.02346,48210.53963
24.355,29135.54117,188599.1454,46626.78655,48666.43981
24.360,28926.48079,189375.892,47609.64707,49245.14566
24.365,26906.74044,189256.1796,48128.35276,49650.95165
24.370,24002.79897,188369.219,48172.02364,49509.93693
24.375,23122.60096,187259.4582,47919.95081,48929.76694
24.380,24959.36638,185950.0442,47281.45153,47901.66231
24.385,27397.73111,185734.8153,47176.2099,46983.76691
24.390,28631.25664,185353.9084,47080.10125,45730.12553
24.395,28983.89471,184954.0133,47211.54222,44538.02625
24.400,29016.5785,184333.636,47522.15759,43390.76199
24.405,29364.42982,184196.7601,48100.96467,43324.69071
24.410,29985.01342,184688.2976,49124.58508,44490.63831
24.415,30520.50464,185464.4023,50282.0782,46647.88994
24.420,31312.78087,186218.7302,51208.97621,49774.67581
24.425,32780.7841,186787.4088,51674.59705,53154.92495
24.430,34168.60022,187427.4028,51920.09702,56119.76591
24.435,35462.77519,188195.8502,51951.56312,57556.57892
24.440,36580.05641,189365.9119,51726.78145,58448.45924
24.445,37757.49108,190986.6425,51712.66222,59283.44864
24.450,38637.60386,192334.9822,51491.25953,60021.09486
24.455,39685.46231,193275.7203,51798.63479,60952.50774
24.460,40985.71323,193574.3275,51992.53257,61704.69619
24.465,42838.03914,193970.8396,52160.7788,63027.52545
24.470,43817.1564,194076.1638,51892.29323,63351.77944
24.475,44620.53549,195047.2496,51710.09335,64261.78327
24.480,45154.75603,196221.8467,51515.27574,65806.05829
24.485,46066.18361,198197.891,51594.80836,67499.37973
24.490,46506.64949,200691.7323,51567.62019,69759.21288
24.495,46862.05227,203661.5011,51466.52855,73184.50371
24.500,47183.31054,207088.2242,51697.90289,77618.84803
24.505,47183.64621,211005.3694,51763.43761,82553.88295
24.510,46690.23993,215361.4679,51620.82518,90264.59869
24.515,46357.26973,219795.4263,52055.41275,99352.10987
24.520,45641.05811,222890.4388,52400.66745,104577.0111
24.525,44323.45481,224770.1284,52420.78707,107309.2628
24.530,42450.94554,224090.4105,51987.91637,107318.9839
24.535,40598.53397,221027.545,51342.13174,105400.3489
24.540,39376.4286,217420.2978,51047.2874,102154.8853
24.545,37934.14161,213822.899,51035.52989,97154.41155
24.550,36181.80597,210334.9956,51343.17999,92831.44363
24.555,33843.08954,206913.6011,52032.83942,89572.79942
24.560,31195.65044,203845.9086,53056.09962,87624.36713
24.565,29556.13532,201730.3861,54375.72725,86755.44012
24.570,28110.97096,199570.1805,55114.77824,85904.15622
24.575,28649.21194,197696.8987,56177.52871,85318.3938
24.580,29518.16109,195870.723,56947.23709,84533.25322
24.585,30365.21038,194196.737,57096.3805,83827.00203
24.590,30769.85956,192585.623,56906.57428,82641.40454
24.595,30796.31184,191298.7666,56710.36771,81083.60128
24.600,30018.7882,190179.2563,56134.41923,78651.50735
24.605,29306.86828,189923.9969,56183.45799,76941.03476
24.610,29081.0093,190363.9428,56657.45487,75515.127
24.615,28748.15041,191287.4825,57382.56157,73997.52473
24.620,29578.57743,192704.2661,58167.54895,72826.24029
24.625,30420.54286,194628.7172,59070.12532,71488.96609
24.630,32086.99931,196821.673,60352.16074,70549.83005
24.635,33511.94863,198749.7845,61651.79027,69839.4047
24.640,34931.40861,199895.4069,63091.85149,69355.51398
24.645,36668.38694,200384.9832,64541.37039,68605.59121
24.650,38035.22197,200453.8544,65866.04828,67817.00139
24.655,39268.53973,200051.3326,66440.58231,67120.1247
24.660,40484.09596,198747.6948,66130.31783,66703.00785
24.665,41821.26224,196791.6179,64664.91929,66544.85543
24.670,43202.13949,194619.9845,62672.51513,66257.79912
24.675,44318.77184,192207.7931,60770.65225,65848.02416
24.680,45672.09203,189577.018,58995.84723,65352.29218
24.685,46328.87497,187196.8271,57513.40137,64747.34796
24.690,46662.62467,184818.3035,56886.70551,63533.31508
24.695,46376.66937,182723.1823,56956.14058,61981.11922
24.700,45647.5286,180656.4814,57475.44867,60952.07775
24.705,44157.76001,178911.905,58705.40204,59509.73433
24.710,40480.64597,177267.3576,59932.49692,57615.33276
24.715,34450.60714,176081.3176,60726.90029,57724.59561
24.720,28192.43757,175444.7104,60834.91184,60076.76589
24.725,28086.37067,175757.4212,60802.25432,63938.87341
24.730,28885.41886,176536.4959,60517.19409,68063.99784
24.735,29989.43535,177666.4498,59823.85771,73065.64545
24.740,30871.14539,179680.3946,57065.26657,76988.68737
24.745,31853.93962,180889.5856,54688.36673,80411.0004
24.750,32459.83197,181794.4318,51539.12922,81930.76271
24.755,32500.29212,181987.6788,48175.60712,81286.81873
24.760,33024.91624,182974.2157,44204.38441,78323.90253
24.765,33684.12716,183258.0055,41626.20276,76867.95153
24.770,34534.05428,184396.9904,39434.24975,76495.45968
24.775,34824.17294,185494.4751,37549.90469,75054.21998
24.780,36156.12915,187466.5768,35641.88384,73530.50776
24.785,36429.87201,188857.5774,34663.39927,72686.59659
24.790,36770.44746,189992.2699,33067.27451,71843.42265
24.795,36919.93229,190810.5856,31316.31948,70702.02324
24.800,37105.4418,190967.1735,28202.18747,69802.13569
24.805,37440.26253,190405.2121,26401.50185,68741.09291
24.810,38514.26882,189465.5463,23497.77287,67552.3004
24.815,39891.56216,188789.0991,21292.19205,66885.44566
24.820,42508.11464,187794.6174,18346.78915,65535.53682
24.825,42846.1844,186938.5295,17052.37157,64897.17639
24.830,44685.59261,185762.9534,16172.72543,64138.34549
24.835,45455.29319,185085.7448,16400.69907,63399.61758
24.840,46155.94477,184597.8414,18598.09495,62234.80606
24.845,46579.7941,184268.4292,20579.80417,60871.41043
24.850,46886.38268,183954.6927,22923.38249,59473.66601
24.855,47427.32708,183749.2058,26054.7723,57371.39295
24.860,47890.43204,182780.3818,29879.41371,54680.42697
24.865,48164.96212,181475.2659,32221.74679,52321.01665
24.870,48217.71834,179401.9437,31249.77495,50617.7781
24.875,47731.22073,176452.9395,30319.84319,49203.85322
24.880,46841.06565,173166.5802,31036.20065,47856.60584
24.885,46207.82205,170410.3256,32649.95908,46970.69565
24.890,45956.94319,167972.7976,33206.39601,46653.00763
24.895,45795.16015,165676.5884,33594.91126,46858.41456
24.900,45896.15078,163992.0523,34444.47915,47354.76783
24.905,46389.76719,162646.6128,35164.24261,48454.962
24.910,46130.88616,161470.2288,35129.53616,49426.75634
24.915,45386.05655,160632.7193,34816.67411,50655.33995
24.920,44191.96509,160163.1293,34312.77757,51478.29068
24.925,41233.18479,160094.0785,33652.95125,51870.19152
24.930,36336.21427,160743.4772,32910.27996,52252.83979
24.935,32055.79421,161988.5271,32657.40898,53325.72507
24.940,28575.52389,163559.2861,32538.91133,54080.58565
24.945,27900.69369,165451.9023,32286.6491,54358.09508
24.950,29024.05929,167061.2267,32887.47461,55481.63808
24.955,31100.28251,169133.1464,33553.47272,56574.07918
24.960,32583.21211,170301.3419,33437.48577,57572.72984
24.965,32869.17632,171379.5092,33644.74598,58404.52015
24.970,31829.88945,171276.4196,34480.90019,58977.72297
24.975,29860.38882,171531.0964,35299.17938,59179.40158
24.980,28662.26651,171890.6579,36001.47493,59480.12586
24.985,26898.31256,172322.0276,36378.90912,59983.93029
24.990,25189.47403,172590.4052,36603.10017,60822.47255
24.995,23928.45455,172586.1836,36524.54343,61660.9148
25.000,22677.85225,172306.0812,36409.13238,61985.88508
25.005,20439.75388,171262.5983,36413.7475,62101.95929
25.010,17720.73609,169418.7472,36511.05243,62404.53365
25.015,15586.11343,166664.2973,36674.18388,61445.31967
25.020,14551.50549,163090.0374,36656.66983,59765.71066
25.025,15400.32081,160194.7553,36811.14383,58377.44708
25.030,17816.17545,157697.245,37201.78338,56902.56768
25.035,20045.4839,155330.504,37529.95584,54707.80069
25.040,23851.25245,154036.8181,37775.42966,52427.29364
25.045,26671.98059,154492.2187,37966.07272,50012.68487
25.050,31406.45711,155801.3083,38099.91548,47851.36327
25.055,34412.10805,157390.2392,38036.44578,45817.87954
25.060,38432.61344,158901.2147,38030.92454,43548.89409
25.065,41133.0116,160674.7889,38016.21556,41452.85875
25.070,42707.6362,162224.4127,37597.35858,39732.98571
25.075,43623.26804,163787.1661,36960.03124,38731.07444
25.080,44332.40677,165370.9986,36479.21554,38424.93086
25.085,45190.64997,167078.0169,36327.66387,38823.74437
25.090,45736.02135,168864.6029,36281.05952,39703.57654
25.095,46181.67806,171030.9188,36538.98761,40778.04016
25.100,47293.32438,173785.2795,37459.01141,42329.15093
25.105,47895.06509,176028.2683,37881.11659,43310.21195
25.110,48726.41398,178097.9778,38290.97022,44413.77134
25.115,49444.89593,179556.8146,38434.42387,45072.93716
25.120,50121.15653,180701.929,38407.45718,45411.14699
25.125,50769.89833,181507.9573,38201.03473,45218.24528
25.130,51008.45602,181918.7025,37708.40974,44617.56629
25.135,50731.9507,182434.0559,37217.15996,43931.70852
25.140,50671.37164,182932.5288,36807.77119,43257.83912
25.145,50594.28168,183208.8385,36523.51729,42437.23223
25.150,50274.65954,182652.3756,36199.94523,41902.46653
25.155,49888.15759,181263.1107,35754.67838,41707.4966
25.160,49735.26472,179828.0865,35497.06335,40876.08032
25.165,49185.68364,177473.3362,35320.68131,38556.44688
25.170,49138.51734,175476.1723,35128.61049,36564.65375
25.175,48108.40601,172919.8666,34876.51725,35143.78145
25.180,44602.57791,170539.4261,34517.47074,35331.8699
25.185,38196.24767,169055.1469,34236.93975,38009.82125
25.190,30003.2498,167481.4881,33691.43336,42610.33626
25.195,22711.275,166243.0312,33058.45471,49371.05545
25.200,23666.59455,165086.013,33000.48712,54966.29515
25.205,24731.84804,164327.6183,33103.96988,59236.51877
25.210,25332.12739,164274.4274,33261.65745,61403.82974
25.215,24521.33512,165590.9046,33460.29419,61092.70915
25.220,22712.2573,167959.6965,33827.36783,60515.49154
25.225,20162.81498,171401.9479,34348.74397,58623.54766
25.230,17891.62202,175277.0427,34987.65981,56109.58639
25.235,17753.12553,179463.8922,35632.96147,53920.65102
25.240,19496.16329,183298.3124,35981.81987,52119.93929
25.245,21426.57381,185602.6435,36349.59194,49681.01906
25.250,23512.32958,186346.1107,36386.74217,46986.9159
25.255,26233.79609,186033.2536,36058.37001,45067.58864
25.260,28826.73383,184437.8031,35476.30261,43665.4644
25.265,31184.90039,181821.4901,34835.93041,42869.1495
25.270,32224.77852,177221.7798,33765.29654,41794.86626
25.275,33266.95931,171313.5332,33033.65443,40715.19621
25.280,34049.68189,164561.3714,32621.16518,39647.07093
25.285,34375.92387,156459.586,32099.71821,38451.788
25.290,34227.5944,147015.6338,31256.42101,37731.76626
25.295,34143.31687,137604.418,30530.97506,37718.96011
25.300,33708.49067,129458.9433,29791.30438,37700.87315
25.305,33318.72373,121789.7525,29112.29044,37920.4504
25.310,32621.90999,114929.7091,28038.90407,37942.54103
25.315,31210.00205,109337.5834,26813.71708,38498.30863
25.320,28238.51134,104684.4491,25513.0254,39472.04704
25.325,25435.62129,100583.8006,25228.65179,40527.48434
25.330,24621.41407,97092.03073,25922.69646,41191.63305
25.335,24774.85416,94231.28282,27308.98118,41660.71222
25.340,24977.64907,91472.95584,28307.77697,41901.92391
25.345,24113.62163,89171.41949,28580.00578,41778.7601
25.350,23249.28934,87643.44531,27750.45282,41910.34401
25.355,21522.75496,86690.37489,27450.93645,41952.67491
25.360,20281.17408,86300.14559,28461.3934,42202.26797
25.365,19246.52054,86764.4928,28415.95694,42556.26682
25.370,18357.77614,88206.3102,28357.35053,43199.18449
25.375,17836.22367,90622.46876,28470.21487,43843.19877
25.380,17216.52664,93877.82956,28758.67863,44556.28408
25.385,15536.26447,97422.7769,29090.24567,44851.12102
25.390,13747.96775,100971.6865,29060.35527,44833.36717
25.395,12593.75814,104681.0607,28862.16124,44546.87216
25.400,11212.59821,108007.4468,28468.87105,44020.66538
25.405,9285.139271,110585.7114,27757.73667,43506.48756
25.410,7546.891415,115337.1057,27208.10992,43753.04104
25.415,7231.094028,117366.5913,26610.971,44967.34865
25.420,6589.714982,120673.7221,25078.4179,46479.58379
25.425,6173.756999,124878.7412,23278.28247,47618.89898
25.430,5791.012007,130853.8374,22790.27239,48894.14018
25.435,5877.479987,134105.72,24014.52986,49917.20775
25.440,4805.139176,138182.8588,25179.39932,50663.28764
25.445,3768.227659,143251.95,26911.41705,51117.54332
25.450,2860.55455,148353.0511,27544.66602,50901.1917
25.455,2742.625866,153311.8282,28511.93989,50414.92634
25.460,2649.430098,158539.4995,28099.51298,49799.10799
25.465,1319.777344,163615.0901,28476.75614,49513.84441
25.470,-1310.990637,168235.979,28649.13485,48963.04255
25.475,-2407.865375,171655.0259,28477.44637,48264.45607
25.480,-935.6069475,173827.6517,27662.13738,47522.1313
25.485,3047.022905,175415.8316,26214.16023,46878.34943
25.490,9270.032944,176840.6076,24123.51731,46139.66515
25.495,16233.2361,177986.8886,23004.09746,45400.42415
25.500,22391.55013,178571.6884,23966.86554,44811.53014
25.505,28258.09598,178101.2471,25637.09066,44226.44641
25.510,33401.2573,176442.2862,27531.28171,43694.47819
25.515,37961.2745,173936.8382,29052.48544,43132.64205
25.520,41229.50072,169883.2624,29282.49573,42281.75871
25.525,43165.91526,164477.5014,28915.15404,40950.76884
25.530,43600.58598,158700.3528,28289.26967,39568.36338
25.535,43779.03049,152643.8636,27343.39218,38473.56864
25.540,43667.85943,146564.9408,26822.65533,37594.66532
25.545,43061.43191,141445.0455,27123.35893,37061.82653
25.550,42164.25315,136950.7834,27612.93726,36619.91852
25.555,42072.65447,133759.1935,28720.02975,36485.52997
25.560,42420.35321,132041.8463,30095.53215,36609.80613
25.565,42862.51569,131694.3704,31650.89966,36883.74537
25.570,42981.8705,133173.8297,32951.07267,36992.02908
25.575,42682.21278,136587.4525,33730.12206,36839.0581
25.580,42145.97867,142030.6829,34173.79653,36542.5134
25.585,41009.97349,149204.1447,34046.09282,36095.11677
25.590,39210.3257,156312.3206,32903.34847,34843.13163
25.595,38076.68375,162758.1557,31886.82048,34102.83386
25.600,36972.3313,168132.1288,31205.43981,33747.07188
25.605,36192.78042,170986.5795,30725.38637,33326.3796
25.610,35670.26343,171576.2229,30335.09803,33200.45069
25.615,35182.49323,169543.6701,29968.31359,32889.71093
25.620,34804.87703,164978.4234,29675.17157,32409.74702
25.625,34205.82823,159483.409,29443.17941,32386.64073
25.630,33219.20842,154383.8837,29532.59415,32182.73667
25.635,32392.84354,149851.147,29645.26203,30747.60772
25.640,32000.36968,146388.542,29627.15565,28926.61783
25.645,32572.5741,143823.9112,30052.186,28065.76531
25.650,32984.89671,141708.4968,31023.499,28202.0392
25.655,33270.35218,140160.1059,32361.8565,29256.49729
25.660,33669.56528,139013.4059,33978.01511,30355.99331
25.665,33593.21437,137702.9252,35129.68846,31112.05752
25.670,32545.9091,135738.4057,35788.25251,32343.51149
25.675,31052.16657,132956.6357,35687.62428,32978.77944
25.680,29422.49773,129934.0357,34997.57775,33136.46487
25.685,27555.52915,126980.8943,33924.90147,33104.13365
25.690,25910.58619,124209.2462,32822.8819,33128.83982
25.695,26517.84574,121427.7819,32395.19827,33038.69
25.700,28466.87758,119804.838,33515.56935,34780.10177
25.705,29007.07443,118981.9978,35368.526,35781.97773
25.710,28945.42022,117653.3144,36979.74314,36895.10214
25.715,28290.86011,116063.1326,37614.24149,38458.52527
25.720,27160.50265,114668.8328,37736.94689,39689.94561
25.725,25832.67525,112201.9464,37060.30343,39712.60057
25.730,24539.1424,108470.9233,36432.31444,39846.72764
25.735,24183.89679,106874.6754,35911.56878,39463.09019
25.740,24171.4134,105555.7553,35916.20453,39604.82291
25.745,23985.36333,105059.9875,35997.16193,39652.63404
25.750,23112.29097,105424.8847,36585.21942,39962.05243
25.755,22225.28818,107288.05,37473.98842,40476.16528
25.760,21040.05055,110310.9842,39106.25713,42008.02631
25.765,18093.25409,113017.5461,40108.33072,43246.83618
25.770,16609.4377,115691.3869,40623.88219,44110.79677
25.775,17228.71255,118969.1927,40938.497,44760.55319
25.780,19478.64783,122283.6634,41077.7415,45070.6235
25.785,20442.2611,125111.3463,40534.78914,44491.13789
25.790,19843.93369,127713.1339,39527.08582,43262.90896
25.795,20394.00638,130621.4982,39005.13626,42534.4502
25.800,21697.58158,133755.9685,38392.93833,42254.01694
25.805,22583.77117,136598.7416,37812.84327,42262.63006
25.810,22456.62353,138686.7432,37422.50162,42354.81284
25.815,21426.19972,141219.1823,36857.72744,42194.28133
25.820,20174.90105,144246.4597,36223.37252,41900.55981
25.825,18651.53742,148365.9789,35063.86132,41398.48863
25.830,16722.20447,154085.9774,34093.20599,41157.79927
25.835,14345.65939,160843.426,33227.91694,41040.56467
25.840,11629.03792,167923.4609,32402.67808,40847.26609
25.845,9234.817941,173434.9847,31876.28632,40836.10414
25.850,7671.432658,176740.903,31257.98227,40828.63765
25.855,8036.355858,177091.2854,31463.60674,41276.72233
25.860,9257.915624,177018.1318,31828.93605,41655.13651
25.865,11073.8143,176500.9569,31877.68484,41751.49675
25.870,12186.17755,173975.7039,31734.99167,41833.4173
25.875,12884.86423,169313.0566,30995.7049,41504.51631
25.880,12570.07712,165410.3049,30363.96399,41433.88426
25.885,11444.79895,160352.2064,29722.73201,41453.75426
25.890,10007.37683,155208.4658,29221.15537,41486.96959
25.895,8567.27308,151104.9186,28516.33421,41436.49528
25.900,7934.829506,147433.7686,28049.74619,41843.46431
25.905,7673.524009,144461.5753,27956.66538,42679.07749
25.910,8031.764787,143205.7529,28316.93366,43819.73258
25.915,8851.997801,142572.7302,28219.26509,44513.24612
25.920,9418.302133,142474.659,27564.74822,44864.39185
25.925,9374.532599,143522.7414,27563.93662,45029.78233
25.930,8908.174422,145931.4941,27920.77881,44708.85763
25.935,8762.119167,149351.6688,27920.11022,44321.93648
25.940,9064.192439,153630.5786,27810.81241,43921.05106
25.945,9564.798284,158504.6974,27201.56995,43558.93752
25.950,10537.02958,164456.0959,26427.57431,43102.91243
25.955,11491.35778,169435.9723,26543.09141,42731.43859
25.960,12726.50316,174366.1317,27070.05861,42346.43524
25.965,13743.48874,178498.1818,27095.65137,41918.87005
25.970,15581.51219,182085.022,26824.21973,41409.0827
25.975,17018.73754,185183.7978,25596.05027,40277.75151
25.980,18496.8362,186502.1634,23832.45359,39333.42798
25.985,20049.06593,186760.7867,22767.8759,39052.46434
25.990,21498.65055,185155.5723,21088.87053,39463.25312
25.995,23042.52765,181894.6262,19601.11609,40686.66521
26.000,24664.31776,178143.7158,18022.6806,43073.31411
26.005,26152.36599,173600.0732,16492.82369,46733.63867
26.010,27567.25336,168808.2409,15389.2111,51305.69665
26.015,28736.84194,163854.3734,15108.22626,54954.33111
26.020,29747.35926,158969.7889,16136.81849,56757.47112
26.025,30854.30862,154377.353,17769.26668,58036.32755
26.030,31993.75676,150532.7914,19993.3556,59650.57374
26.035,33275.11106,147475.6273,22438.99559,60944.78777
26.040,34853.87345,145213.4911,24674.94901,61165.78785
26.045,36664.99379,143658.7416,26430.39997,61081.13399
26.050,38195.43213,142695.2559,27521.73637,60738.82813
26.055,39445.86061,142467.8269,28641.75501,60352.07522
26.060,39918.83143,142094.3854,30292.19863,59963.05656
26.065,39091.21148,143212.4083,30792.42811,59788.46003
26.070,39733.35884,144096.6605,31345.56113,60023.13236
26.075,39510.80023,145192.2626,31508.67583,60244.15499
26.080,36653.02038,146674.4267,32543.62955,60080.17978
26.085,30342.85864,148544.4501,31596.0905,60105.40228
26.090,24758.32006,150152.7335,29884.04692,59815.98974
26.095,21929.51273,151523.9413,25897.57008,59265.10555
26.100,13739.22876,152724.284,22308.44405,58659.35945
26.105,8458.998593,153524.6074,22947.15902,58913.21778
26.110,3602.892544,154035.1525,26042.04005,58420.06728
26.115,-2427.454363,154373.3634,28200.74236,57525.51654
26.120,-5576.747927,154225.2912,28315.08295,55799.66786
26.125,-5388.612271,154932.6468,27554.83162,54657.63508
26.130,-5079.357305,154924.3345,24430.3238,52906.42595
26.135,-4271.361056,154696.8216,20700.9514,50839.53579
26.140,-3825.559351,154750.6072,18190.37189,48122.63054
26.145,-3135.897255,155246.6168,18614.99292,46541.35257
26.150,-2271.939819,156327.0811,20291.57023,45329.82826
26.155,-503.626593,159358.9347,23810.64692,44120.44575
26.160,-39.33493096,162974.6955,26744.42405,44023.12465
26.165,2094.060455,167942.9259,29816.56953,44198.56309
26.170,3616.140207,172602.6566,31801.78646,44050.7364
26.175,4507.270616,178048.4144,33935.80497,44114.00743
26.180,3637.877442,180622.1367,34340.09967,44261.85479
26.185,2804.196731,181886.2477,34361.4216,44452.46277
26.190,2376.407372,180861.7666,33109.80971,44440.58067
26.195,1950.217874,177369.4753,31732.89428,44474.98127
26.200,763.9101928,172420.3416,31533.57894,44754.75442
26.205,54.28218314,168291.541,31664.47195,44858.42907
26.210,1094.893311,164295.9894,30959.59919,45034.64891
26.215,5090.590077,159659.8147,30199.42998,45425.26913
26.220,8857.388157,155510.736,30186.78738,45781.7783
26.225,13056.48427,151397.162,30504.94742,45346.34297
26.230,16370.59194,147045.0428,30754.37372,44245.79266
26.235,20170.04162,140969.8965,31468.11552,43313.44324
26.240,21632.8267,137274.1461,32242.7964,42708.97175
26.245,24199.82508,132718.1461,33050.28332,42004.24233
26.250,27260.29021,128222.0626,34063.97232,41641.2336
26.255,31117.60536,122314.8651,35324.61019,41709.77408
26.260,32288.13425,119564.7559,35844.35162,42237.39668
26.265,33413.26829,115809.5002,35957.47494,42392.69888
26.270,33764.5074,112320.8942,35810.93333,41866.55893
26.275,33549.07252,108474.0145,35479.81188,41054.33689
26.280,31432.01205,106578.4323,34265.19113,39765.78085
26.285,29602.40088,106937.4977,33494.62943,39625.37991
26.290,27853.82599,109602.6536,33326.89601,39880.50454
26.295,24936.05722,116126.5744,33406.87099,40246.86703
26.300,22300.44595,123247.4136,33438.23919,40882.5545
26.305,19766.63504,133093.4636,33674.38813,42198.62503
26.310,16468.06939,144365.3415,34188.8007,43484.42436
26.315,11664.85762,157345.0051,34662.70832,44446.99067
26.320,10014.34786,166787.6597,34599.66742,44863.81088
26.325,7004.146013,176228.5968,34402.22392,45257.00156
26.330,4671.532939,184755.6653,34238.18748,45554.01814
26.335,2505.784119,192930.0722,33741.8558,45422.97317
26.340,3879.628924,198563.3988,33617.14946,45197.6631
26.345,4992.382559,202827.8376,33368.19657,45146.08691
26.350,6754.866503,207232.0469,33172.99024,45430.30862
26.355,9629.780194,207767.7204,33238.3146,45922.66744
26.360,12408.19218,206282.0821,33179.50216,45753.32436
26.365,14305.4461,202878.1703,32755.81102,45173.40211
26.370,15487.21754,199938.739,32190.84857,45205.01185
26.375,14637.7681,196116.1151,32253.80218,44469.00974
26.380,16713.3811,191845.7619,32157.05644,42772.95044
26.385,19194.16961,186988.7788,31997.10518,41762.90614
26.390,22464.82804,181800.2792,31932.70983,40596.41322
26.395,25086.78611,177960.5854,32478.51585,39657.64419
26.400,27112.36674,174287.1787,33634.74726,39373.80391
26.405,28829.93312,169989.6707,34809.31212,40119.60728
26.410,29139.93127,167271.2865,35426.66727,40926.57833
26.415,28866.37592,164410.0017,35896.14149,41481.54381
26.420,28804.4691,160976.8997,36528.51772,42214.8214
26.425,28318.27185,159777.6233,36743.24874,43173.00202
26.430,28637.58875,158460.795,37195.13045,45422.84288
26.435,28487.83766,157895.0458,37522.69286,47509.48625
26.440,28224.96547,157046.7554,37762.93823,51039.08505
26.445,27410.86777,157311.8757,37923.91879,53792.26135
26.450,25254.50307,156463.1821,37913.84919,56400.54821
26.455,23030.59158,155210.5027,37527.08336,58918.98689
26.460,20597.13408,153317.2459,36712.819,62567.485
26.465,18772.55216,151467.7422,35916.84698,64353.01625
26.470,16927.42549,149161.8197,34732.71423,65265.30716
26.475,17101.07356,148212.2816,34276.17538,66457.63563
26.480,19232.32173,149394.3092,34194.71456,68298.77947
26.485,21804.84156,150528.1169,34592.83193,68890.02982
26.490,24842.68498,153305.8789,35096.35636,69569.20633
26.495,27972.28956,157359.0955,36125.23397,69968.53828
26.500,30495.50924,163464.8109,37622.97555,69924.59473
26.505,31245.88849,167411.2104,39020.44471,69464.09962
26.510,31132.62335,171742.322,40178.88153,68717.62852
26.515,30901.91246,175227.4441,41162.54157,67716.68189
26.520,29619.89436,179774.4091,42049.3762,66640.14123
26.525,28608.48565,180906.1903,42183.09544,65564.15326
26.530,26699.03813,181882.6957,41731.43246,63746.83445
26.535,24656.39936,181990.4588,41405.90906,62013.97053
26.540,21793.02206,182295.0223,41166.37155,60588.8384
26.545,17589.05921,182576.1929,40847.89318,58329.26523
26.550,15939.83651,182169.8552,40436.68608,57503.14912
26.555,13732.55626,181310.981,40299.36713,56635.63166
26.560,12004.44326,180229.0411,40686.39765,56035.44649
26.565,10929.91038,177987.2888,41220.92687,55564.64021
26.570,10087.45147,175449.8718,41708.9673,54782.1781
26.575,9615.130356,173111.4072,42043.56714,53977.41895
26.580,9577.687491,170816.9961,42330.80522,53048.42967
26.585,10202.28774,168693.7619,42725.52157,52244.94155
26.590,11607.11724,166696.5706,42795.11327,51689.07466
26.595,13307.5983,164892.8068,42646.93194,51110.55139
26.600,15942.39927,162646.0242,42406.12672,50849.66532
26.605,18694.00591,159867.3208,41676.61828,51007.65433
26.610,23804.01897,155463.5862,38851.13887,51163.92336
26.615,26766.47154,152051.3766,35512.75403,51294.65576
26.620,30071.63297,148381.5606,31198.19086,51610.6919
26.625,32628.27825,145749.5592,26765.18477,51720.33323
26.630,35725.54512,142758.3724,21486.8996,51945.16824
26.635,36894.28544,142009.1309,20353.50758,52303.92819
26.640,38026.61955,140588.2393,22880.06994,52475.97962
26.645,38819.21766,139629.0971,27371.5582,52542.19696
26.650,39902.60867,137582.7864,29061.33587,52321.72117
26.655,39689.44244,136339.1287,28173.99694,52424.71825
26.660,38590.11144,133843.4919,27002.16834,52750.8903
26.665,36057.16398,130857.3303,27192.53679,52885.82059
26.670,33915.26014,126996.4443,25301.42822,52039.53814
26.675,34553.78567,123098.5406,24577.98573,51107.89459
26.680,36298.90182,119125.2677,25098.01994,50033.23804
26.685,37523.56674,117211.8063,25187.22097,49678.09684
26.690,38609.20873,115722.1622,25295.10167,49384.0307
26.695,39787.61645,115156.1656,25944.6427,49506.94097
26.700,41309.01331,115858.3398,27368.17552,50416.9599
26.705,41416.67773,116336.8115,28062.35947,50760.16441
26.710,41927.51579,117562.9872,28879.61201,50318.1365
26.715,42635.49463,118544.2896,29173.82069,50008.55834
26.720,43319.38682,119676.133,29024.33597,49408.75076
26.725,42844.65484,121007.8893,28464.57592,48687.90947
26.730,41634.37109,123283.0858,27634.51391,47931.88911
26.735,40777.3119,124991.8717,26926.90324,47712.2605
26.740,40911.54368,127273.2446,25451.26466,47140.47527
26.745,40542.95356,130307.1109,24352.84257,46695.49454
26.750,39883.34914,133636.9331,24239.64209,46172.02465
26.755,37631.94765,136738.0445,25167.39796,45355.3116
26.760,33597.6508,140791.6446,26013.99805,44804.91882
26.765,30852.55314,143315.878,25206.97306,44566.7739
26.770,27504.54226,145931.8743,24213.83575,44003.75408
26.775,23999.40704,148331.5727,26015.14025,43502.70227
26.780,19993.53508,150269.9906,27960.65929,42969.29362
26.785,13630.8211,152647.3702,30774.196,42555.86583
26.790,10070.37978,153419.1544,32742.43857,42542.72823
26.795,2984.658394,153939.8681,34497.27045,42752.25432
26.800,-5970.566196,153503.9408,35640.25547,42925.18858
26.805,-11424.88621,152277.4102,36585.42126,42767.17898
26.810,-9958.777399,150128.6821,36090.2129,41714.42764
26.815,-7627.159395,147853.1624,34937.23694,40440.45469
26.820,-6489.070523,145806.3458,33898.9301,39504.69822
26.825,-5588.417635,143631.5099,33074.35659,38942.61316
26.830,-4423.347957,142789.2084,32086.25054,38683.30871
26.835,-1920.811497,142379.9277,31484.69196,39236.46941
26.840,752.9458696,142668.0348,31039.26665,40756.89241
26.845,3745.730189,141862.219,30032.99932,43165.61853
26.850,4704.317007,141346.3813,29143.72437,44981.22784
26.855,5078.776755,139780.0853,28410.2635,47075.42006
26.860,5873.815536,137645.4612,27908.13289,49094.77256
26.865,6776.12888,134406.6518,27329.72996,50421.11279
26.870,7171.722065,130886.015,26077.8605,51201.75594
26.875,7707.09928,128401.1069,25581.9381,53061.52566
26.880,8648.049288,126492.6037,26226.20739,55286.12033
26.885,10499.06246,125254.5187,28375.29124,57804.60499
26.890,13492.84291,125016.7535,32089.35494,60965.82681
26.895,15849.27542,126414.9543,35762.95324,64003.98739
26.900,17526.89044,127310.3872,38471.30018,65445.48335
26.905,18242.97564,128451.1408,40847.99796,67367.29076
26.910,18161.298,130328.1262,43817.97154,68113.82794
26.915,16801.66159,131453.7177,44566.16148,67263.07955
26.920,15153.79322,132453.4796,43110.61549,65144.08597
26.925,13720.03214,134054.7511,40991.19448,62488.02463
26.930,11769.4038,136512.006,39445.18804,59885.9933
26.935,9525.58329,139891.0436,37794.35185,55695.47928
26.940,9448.428568,142834.8908,36707.42852,52926.96694
26.945,11374.73339,146175.7084,35854.98826,48672.07167
26.950,13557.25366,149548.6675,35156.71322,44554.68069
26.955,15803.24598,153120.9942,34470.55802,39657.56321
26.960,17070.07519,155632.9073,34380.51288,36444.37338
26.965,18108.26765,158157.7842,34192.15766,32961.93721
26.970,18216.76716,159829.5763,34264.04526,30239.26861
26.975,18507.86968,161710.8444,34838.66973,27638.70927
26.980,18224.532,162925.6176,35443.71419,26665.53882
26.985,18242.61438,164208.9138,36512.94107,25990.78787
26.990,17078.09892,164506.1733,37385.07664,25623.72163
26.995,15318.13208,164154.6497,37859.85222,25244.91125
27.000,14802.01758,163219.5886,37467.41854,25163.18301
27.005,13816.79896,161617.6106,36324.31618,24702.41917
27.010,12410.47395,158980.7282,34768.12273,24254.05195
27.015,9714.825726,156153.7592,31313.6896,23862.14402
27.020,8427.597422,153568.3893,29001.00328,24522.99687
27.025,7837.683315,151792.7945,25715.70989,25266.16623
27.030,9085.324342,150518.6075,24275.66072,26295.43805
27.035,10503.55805,150347.8037,23151.76797,27177.04276
27.040,12772.89507,150083.9974,25194.21608,27516.13413
27.045,15219.14707,150480.4385,27224.25701,27023.19542
27.050,18017.14247,151461.6724,29384.4826,25913.75705
27.055,20453.77068,153133.0183,31538.68474,25572.12961
27.060,21737.30684,154653.8774,34174.52719,24532.98048
27.065,22571.32986,155834.3821,36052.58802,23311.93688
27.070,23347.33994,157276.7867,37961.2291,24134.9504
27.075,23863.87524,159320.494,39798.45271,25300.15471
27.080,23856.23664,161724.1381,40075.10121,26130.20345
27.085,24281.15622,164536.4445,39249.45668,27921.827
27.090,24432.42859,166610.699,37677.80929,30558.8586
27.095,24461.92295,167458.82,35860.69858,32869.60043
27.100,24638.24387,167854.3973,34157.60247,34455.32625
27.105,24670.94478,168008.4527,32680.06288,35889.11386
27.110,24099.97397,167240.6315,32299.17313,36824.29966
27.115,23263.45187,165860.3111,31683.83221,37710.88686
27.120,21863.23395,163747.1701,31039.72558,38445.17243
27.125,20255.72386,161177.8928,30738.02162,39122.49745
27.130,19823.96871,160119.6349,31035.0282,39187.71808
27.135,19940.86448,159351.6357,31664.56236,39535.396
27.140,21051.12238,159337.5948,32435.71562,40104.74622
27.145,22471.5907,159401.8337,33430.54054,40849.88844
27.150,23115.16603,160043.4642,33750.71628,41171.13665
27.155,23907.48181,161095.5659,33372.05959,41515.58993
27.160,24353.96463,161867.0704,31785.03918,41457.72326
27.165,24438.04852,162467.5634,30145.97273,41309.24643
27.170,25023.00424,163315.3335,29085.0521,41582.63872
27.175,25446.37279,163527.4216,29141.01067,41310.27778
27.180,26777.6696,164364.7871,29671.99304,42470.22052
27.185,27419.96008,164490.9728,30272.91887,44021.4771
27.190,28904.10808,163662.6034,30552.58824,45205.25546
27.195,30324.52935,162828.8917,30355.32369,44829.59707
27.200,32665.49689,162474.5486,29490.63875,44196.74963
27.205,32028.13748,160974.7192,26613.46505,41483.84626
27.210,32239.78927,161138.7547,24188.58786,39459.39699
27.215,31162.64158,163869.6825,23628.16763,39149.51122
27.220,28653.47973,167572.0507,23481.78605,39582.35012
27.225,25655.47711,172407.3789,24040.7915,40476.14351
27.230,24413.58868,177647.6863,24926.70529,42537.49094
27.235,28006.90564,180100.1038,25224.07153,43716.81319
27.240,31385.59151,181319.52,24639.59526,44265.70528
27.245,32296.03812,181603.1841,23148.50443,44612.31383
27.250,30928.66214,180996.8378,21480.98042,44397.10051
27.255,27148.48954,178911.4676,19602.69387,43486.08656
27.260,23628.27442,175709.3807,19715.94915,42829.4726
27.265,19995.85475,172515.4021,20870.10411,42737.26501
27.270,15750.2308,169027.8974,23065.73469,42975.15768
27.275,12506.37587,164669.7456,25829.84132,42773.52355
27.280,10128.66923,160256.3004,30970.07467,43547.1434
27.285,10164.33398,156342.3252,35103.6894,44215.71029
27.290,11565.60833,150918.1367,39230.28753,44751.77176
27.295,14181.14555,144867.519,41879.9967,45099.55837
27.300,15939.47926,138934.8647,43299.57977,44919.77761
27.305,17849.30725,134054.3365,43716.00413,44520.40152
27.310,19657.43303,129780.6622,42830.41007,44303.79198
27.315,21734.44815,124776.6641,41469.66739,44412.88633
27.320,22357.49914,123710.1603,39548.74623,44846.15072
27.325,22493.81433,122296.3036,38385.00888,45581.25408
27.330,22451.25557,121848.284,37087.79547,46479.31665
27.335,21793.5671,121136.3012,35174.95679,47387.38419
27.340,21079.49178,121110.7851,33804.80345,47674.31304
27.345,20916.4888,120424.2089,32220.37347,47703.07588
27.350,21254.33,120676.7904,31083.27443,47335.57068
27.355,20941.70343,122579.2341,30159.32331,46862.86146
27.360,20983.88612,125761.7143,30014.05098,46661.97934
27.365,21365.79569,131507.1519,30521.48286,46742.53223
27.370,20733.06429,138338.5675,31854.09714,47256.68842
27.375,19599.4557,146952.1029,34902.97381,48491.75072
27.380,18963.30045,152050.0679,37788.80031,49565.41928
27.385,18930.29638,155549.2787,40842.15996,50649.96569
27.390,18865.18683,155571.3741,43026.01634,51405.19058
27.395,19537.04548,150696.1874,44111.19836,51456.69433
27.400,21358.00447,143669.2819,44359.61994,50839.59698
27.405,24502.98555,136519.2662,44966.11558,50441.28424
27.410,26056.94949,131512.8395,44120.95127,50337.94109
27.415,28107.23095,128374.4126,43513.57425,49953.62097
27.420,30303.33104,127124.3463,43166.16574,49743.54113
27.425,32602.75833,126995.5321,43216.97341,49877.5086
27.430,34521.95261,126932.729,42351.8015,49770.90138
27.435,35904.29374,127382.1901,38245.0076,49473.64436
27.440,37307.62979,128263.8995,34550.34217,49041.02533
27.445,38224.19549,129195.7161,32181.94924,48230.51428
27.450,38707.85179,130603.5608,32313.78681,47439.3227
27.455,39073.55566,131572.8981,34014.48142,46733.0401
27.460,39389.25629,131959.7682,36090.44971,45858.43039
27.465,39733.34617,132057.9391,37533.49439,45161.38771
27.470,39828.71068,131875.1785,37973.508,44717.44698
27.475,39906.15177,132233.37,37216.43127,44518.63428
27.480,39730.14426,133058.1943,36294.97431,44442.20186
27.485,39300.93401,134025.6405,34887.01173,44279.9372
27.490,38778.74349,135225.9956,33098.76546,44310.83297
27.495,38173.88656,136912.6249,31542.06418,44206.22929
27.500,37838.44487,137919.6782,29666.02466,44080.05506
27.505,37989.9744,137779.1103,26973.75374,44112.61772
27.510,38870.04796,137660.3122,23837.75637,44470.58431
27.515,40457.08505,137676.956,21581.02968,45185.62497
27.520,42463.08779,137446.2776,20046.78928,45590.79199
27.525,44337.04867,137442.0015,19061.65691,45719.9092
27.530,46096.87169,137826.4542,18544.58257,45768.31105
27.535,47316.07348,138403.6499,18461.5261,45630.75402
27.540,47062.93716,138939.9333,18756.41528,45584.53404
27.545,45584.91517,139634.7643,19550.26145,45484.39762
27.550,42848.52639,140774.9401,21170.65878,45144.02376
27.555,39423.50608,142113.8207,23198.44248,44713.24874
27.560,36551.26701,143835.8517,25900.29061,44481.21445
27.565,33347.79886,145848.3835,28912.26021,44350.60877
27.570,29191.56189,148026.908,32003.21838,44939.02738
27.575,24500.16546,149796.8601,34586.39885,45606.18166
27.580,20678.8353,151077.1035,36537.92253,46269.32325
27.585,18206.608,151822.5601,37621.96346,45857.05726
27.590,16620.47447,151720.0985,37910.62578,44560.43828
27.595,15070.37573,150598.8482,37369.62471,42444.5613
27.600,13991.69938,150117.7808,36132.67531,40614.75212
27.605,13777.03762,151090.0734,34857.36455,39793.58919
27.610,13407.47594,152952.1665,33618.06156,38907.96799
27.615,13038.40369,155250.6619,32925.78969,38008.96384
27.620,12912.77842,158305.5112,33250.12647,37440.02853
27.625,12382.03986,161465.4518,34478.18993,37150.21189
27.630,11269.76484,164367.4628,35843.8425,37114.21197
27.635,9888.967876,166711.469,36858.04688,37327.6863
27.640,9853.489569,168618.935,37508.51082,37489.37719
27.645,10529.89502,170221.3402,37957.35842,37113.19314
27.650,10271.7137,171419.0855,38338.37088,36493.01216
27.655,9972.456507,172776.5113,38492.91377,36463.72988
27.660,10036.24548,173761.5564,38391.07536,36226.26341
27.665,10207.09504,174337.2752,37747.20334,36100.94278
27.670,10210.1001,172911.5325,35848.49913,36032.88604
27.675,10532.24568,170436.649,33709.60626,36228.75394
27.680,10909.01201,165843.4852,30488.69715,36133.43052
27.685,11778.45836,158916.2882,27177.01013,36016.26278
27.690,12152.60098,154641.4819,28444.05703,35786.81627
27.695,13047.88017,149598.3241,29024.98785,35152.61977
27.700,14182.27941,144616.8093,27036.13752,34190.7921
27.705,15639.57691,138979.7918,24108.69208,33502.6334
27.710,16398.94436,137670.2475,24073.56944,33129.76067
27.715,16811.08678,136638.343,24739.34921,32518.68043
27.720,16780.31756,137043.5592,26640.52691,31963.13364
27.725,16189.50713,138420.577,28700.64561,32016.82481
27.730,15260.70695,140819.554,29921.49282,32238.39431
27.735,12461.70816,143685.9426,31481.19949,32666.51012
27.740,8433.834268,146911.5076,32678.57947,33479.59509
27.745,1645.497919,151197.2731,33783.66392,34332.43974
27.750,-1407.925811,153955.7587,34181.98612,34826.99784
27.755,-3309.397211,156195.7792,34645.13125,35968.44548
27.760,-4812.87831,157425.1565,35030.21588,37762.48186
27.765,-5737.999324,159309.4983,35419.64468,40269.49656
27.770,-5196.324341,159296.3272,34963.09284,42156.77355
27.775,-4686.384933,160112.5387,34210.19184,43139.82264
27.780,-2766.280798,160686.8577,32852.78528,43294.75113
27.785,1146.171123,161689.6847,32219.98218,42211.51962
27.790,5653.271672,161142.0229,31907.58329,40420.89541
27.795,11515.45976,160180.5696,32054.93675,38241.97486
27.800,17679.62945,158466.8797,31641.80409,36591.89544
27.805,26104.25855,156676.4355,30516.93817,35307.88669
27.810,28613.58343,155224.8475,29711.67708,34727.83163
27.815,31876.40404,153868.2034,29517.46935,34518.78005
27.820,34065.87894,152843.3675,29563.73013,34777.07591
27.825,36874.61093,152279.0633,29512.41916,35593.2703
27.830,37103.99034,153465.4863,29978.15808,37176.64385
27.835,37675.80642,156129.1972,30255.94234,38726.44175
27.840,38163.87678,160476.3029,30448.50081,39860.2708
27.845,38489.39337,167710.4133,30621.68284,40846.33014
27.850,39428.13577,179151.8749,30337.65927,42154.36799
27.855,39675.51949,190501.6294,30111.39097,42724.66964
27.860,39792.75832,201451.4508,29592.98564,42920.52998
27.865,39175.03688,212201.9249,28779.52674,42560.64835
27.870,37845.19457,220400.7689,27897.83814,42301.71429
27.875,36131.80987,219772.91,27305.58089,41717.85656
27.880,33990.97717,215610.9932,26557.9028,41384.06202
27.885,31794.15042,206982.5354,26035.60375,40991.04093
27.890,29388.67414,195580.3318,25629.48795,40396.97359
27.895,29338.85417,188132.5731,25050.38791,40097.50832
27.900,30190.15056,183141.5704,24679.02947,39856.74603
27.905,32077.64204,180006.9012,25378.84709,39996.53723
27.910,33191.4788,178351.5414,26810.35576,40723.68313
27.915,32811.71705,178803.7555,27835.78061,41467.23782
27.920,31694.96014,180471.5006,28857.69251,42013.09148
27.925,30775.23437,183000.3884,30206.9113,42572.91816
27.930,29430.10167,187497.1376,32346.51331,43185.2719
27.935,27318.75635,189181.2978,33542.05338,43320.93501
27.940,23011.8116,190998.7674,35082.07401,43728.30357
27.945,18512.55703,191219.1126,36153.69834,43879.73954
27.950,14266.73669,191129.706,37924.66773,44008.01761
27.955,11931.26319,188242.68,38874.4331,44099.22711
27.960,7887.285894,186243.7439,40064.46239,44010.72184
27.965,5676.929467,184569.0829,41421.50746,44228.34049
27.970,7029.531755,183013.5344,43281.35901,44252.58097
27.975,10736.82372,183124.6207,44531.62935,44758.04803
27.980,14800.59143,183618.413,45660.76898,44836.39979
27.985,18700.16884,185210.0539,46588.55633,44760.17896
27.990,23672.70618,186344.7109,46861.32196,44668.78874
27.995,25573.29431,189310.6759,46374.24508,44478.00173
28.000,27891.63422,192110.2372,46098.7007,44529.57414
28.005,29950.78909,195139.2044,45349.77242,44167.77359
28.010,33091.43614,195380.8076,43264.46605,43781.01596
28.015,34473.35739,194124.6547,41951.15325,43377.2108
28.020,36705.20443,190125.0649,41024.7136,43204.54147
28.025,38733.47587,184111.1294,40939.88476,43705.80614
28.030,42950.32806,179410.7192,42100.54837,45354.11911
28.035,44632.09058,174885.4164,43151.85149,46357.97881
28.040,47464.31331,172162.5433,44340.38053,47495.3825
28.045,49725.59692,168437.5568,45073.0893,48589.31319
28.050,51075.59015,166408.6043,45670.02298,50601.39625
28.055,49830.62643,164610.4234,45590.05312,52539.61251
28.060,45656.83946,163895.4942,45363.17721,54386.41792
28.065,37728.33197,163090.5363,45062.18068,55768.36392
28.070,30198.07087,162187.7712,44770.6814,57348.9625
28.075,30908.71854,161049.4865,44528.30822,58061.18791
28.080,33373.13252,159944.4889,43510.81141,58253.43516
28.085,34114.88399,159054.7534,41532.11432,58401.19961
28.090,33146.28318,157514.0605,39196.56684,57993.6223
28.095,31869.72767,156935.9262,38117.53905,57985.29734
28.100,30306.15558,156384.9071,36704.45497,57488.02507
28.105,28419.91959,156768.8083,35278.67565,56259.39689
28.110,25922.92093,157583.2109,34428.47091,54417.65561
28.115,24507.65459,158589.4767,34298.50746,52548.3532
28.120,21955.48018,159856.0532,34234.40716,50621.05816
28.125,19409.34417,161994.7077,34422.05242,48618.13858
28.130,17723.95881,165070.6649,34733.76812,46850.15842
28.135,16254.92268,169663.1658,35000.63655,45324.44484
28.140,15388.41549,176109.9897,35217.36024,44058.5994
28.145,15726.15038,183929.6348,35337.73487,43029.83301
28.150,17327.23285,192250.7184,35567.99821,42625.41262
28.155,19366.16067,198321.0981,35366.91157,42294.78146
28.160,21151.71315,200753.6574,35111.8719,41911.16575
28.165,23614.48694,200216.5306,35030.93309,41562.27479
28.170,26048.57762,197156.237,35024.12554,41170.95479
28.175,28049.80305,191929.638,35262.27197,40863.19858
28.180,29104.01423,185757.5713,35540.0581,40420.16032
28.185,29604.81597,178834.9951,35813.80193,39931.81908
28.190,29744.44749,171094.0356,36192.01663,38976.68532
28.195,29548.30923,162642.8627,36590.17762,37849.48468
28.200,28866.10427,157567.7199,36659.87677,37155.50656
28.205,28299.55428,152203.8624,37010.69135,35428.88464
28.210,26892.28811,146554.3434,37084.05845,33251.09892
28.215,24756.86724,139165.9464,36465.90631,29871.60443
28.220,23664.40382,135566.6929,35770.58545,27675.06322
28.225,22955.55093,131934.7975,35691.97068,25180.31772
28.230,22629.761,128737.1936,36122.09569,22624.26059
28.235,22382.02858,124958.8901,35946.48332,20050.11055
28.240,23351.25535,123898.1356,36052.48066,19441.36971
28.245,23187.27906,121668.5576,35462.69335,18922.19517
28.250,22695.87598,119031.1596,34461.78619,18743.07552
28.255,21544.46976,115218.0864,33147.32727,18822.09569
28.260,20620.19097,112367.7696,31530.07701,19535.79967
28.265,20719.17241,110203.7217,30369.02421,20786.42107
28.270,20742.85245,108532.9422,29038.97604,22389.55828
28.275,21121.84979,107056.3006,27717.87683,23774.01688
28.280,21160.8731,107430.5043,27288.60721,25500.11718
28.285,21791.10508,108406.5591,26951.95438,26066.43311
28.290,21617.82888,110669.1593,26986.38362,26441.24743
28.295,22815.80169,114220.0219,27318.67209,27384.65225
28.300,22485.80696,116870.3801,27728.9243,28035.39717
28.305,22099.92977,119331.7357,28137.92491,28651.99404
28.310,21120.28402,121462.0231,28437.45476,28718.94489
28.315,19613.44896,122870.3163,28621.43079,28732.85006
28.320,17378.24167,124438.1213,29723.06191,29030.28908
28.325,15184.983,124149.3095,30578.21216,29117.22311
28.330,13379.51054,123759.4916,31891.81468,29280.62837
28.335,12391.92409,122656.5715,33559.67704,29528.94235
28.340,10595.65577,121093.0323,36058.09816,29658.60086
28.345,9572.204015,119326.9553,37714.9732,28969.27204
28.350,8424.052303,117932.7923,39619.66529,28267.46452
28.355,7975.843446,117847.628,36858.4113,27591.55079
28.360,8792.791486,120173.786,31650.52711,27641.01121
28.365,10147.30278,121902.9197,28972.61378,27945.57492
28.370,12534.64608,120744.5654,26740.64957,28670.15605
28.375,15856.64162,117667.4341,26520.40053,29989.61261
28.380,19713.98334,116717.3383,28794.48266,31755.79089
28.385,22603.8561,118748.4476,30118.74288,33340.62996
28.390,26077.19818,122896.9433,31814.05316,34803.88637
28.395,27044.03987,124703.6272,33433.42474,35174.31464
28.400,27992.43962,128912.7549,35072.22112,34650.68781
28.405,27785.42264,133419.0734,35836.23479,33932.14613
28.410,29389.92253,138811.3197,37765.49213,35028.7918
28.415,29900.51474,141069.536,38369.30186,35668.92261
28.420,30957.1269,144416.7902,39279.42868,37280.71875
28.425,32668.95242,147652.9343,39616.65744,41317.22859
28.430,34694.09687,150973.4711,38841.24963,46986.14129
28.435,35821.3021,152059.8694,37837.82594,51409.37721
28.440,36712.93588,152588.4325,37295.3999,54380.77541
28.445,37709.44391,151959.4783,36189.58199,56578.97942
28.450,37111.92127,150342.7277,35574.65201,56805.54597
28.455,36689.29244,147994.3665,34752.56741,56616.84227
28.460,36925.70424,145044.1461,33875.47786,56433.75024
28.465,36833.9032,142778.7382,34026.8105,54348.31366
28.470,36613.63479,140741.7688,34161.76529,51962.44733
28.475,36434.20621,137981.2306,34055.15113,50264.84378
28.480,36256.16697,135614.7544,33954.92018,49288.98408
28.485,35474.40478,132778.0818,33747.16164,48134.0546
28.490,33284.49431,128414.9357,33209.06443,45934.59672
28.495,31496.46675,125866.7571,32767.10557,44616.92159
28.500,28559.27081,122036.9106,32179.80122,43103.45657
28.505,23764.53972,116813.3176,31787.83908,41399.35359
28.510,21049.97969,114178.6886,32014.34529,40566.55432
28.515,19370.82676,111521.7654,32937.64793,39709.62733
28.520,15781.05192,108552.4418,34741.60975,38214.47592
28.525,13359.23575,108581.5515,36150.07732,37020.37621
28.530,10740.80258,107581.9915,36674.95576,34679.90553
28.535,7766.270536,105957.9451,37101.80007,32087.96012
28.540,6646.866282,106057.3938,36477.42976,31410.26358
28.545,4702.553199,105506.958,35266.43542,30072.47533
28.550,2582.831718,105942.7558,34734.6467,28320.56114
28.555,2093.009826,107134.8382,34563.32091,27237.94437
28.560,2561.254448,109183.5284,34676.70039,26606.09782
28.565,4067.403916,111864.9499,35411.83881,26923.97875
28.570,8216.149897,117307.7919,37853.89822,28945.36569
28.575,10662.95653,119180.6015,38403.54258,30531.35887
28.580,13394.24064,121835.0944,38821.5116,31921.28228
28.585,14777.12786,123503.3614,38633.25943,31866.0381
28.590,15703.08768,125040.9729,37180.67044,30117.01429
28.595,15791.9328,124765.6938,35667.47976,28591.25395
28.600,16898.19124,125206.8253,34247.93914,27417.10789
28.605,18664.12107,125461.6395,33305.0293,26510.62674
28.610,21795.60326,126282.2634,31516.05489,25983.39268
28.615,23046.72361,125775.4392,30217.97325,26162.26704
28.620,24723.33474,125867.1003,29770.03251,26841.7014
28.625,26615.68133,126008.8795,29864.84831,28014.20946
28.630,28335.84406,126432.498,30433.09359,29621.96854
28.635,29417.95166,126262.0255,30675.57547,31218.50408
28.640,29584.2269,125954.2913,31211.55495,32365.36507
28.645,29545.4385,125657.2103,31074.98706,33547.90436
28.650,28934.08861,125404.3999,30395.64536,34369.475
28.655,28856.03918,126375.2374,29035.67412,36003.48638
28.660,29166.19876,127615.279,28140.28278,37097.38946
28.665,29721.28496,130257.1147,28889.34939,38368.38689
28.670,30231.56213,133028.9636,30187.29639,40283.92146
28.675,30776.73857,136858.6164,31872.51004,42492.81955
28.680,31013.16006,139467.6179,32658.4958,43291.18825
28.685,31527.08508,142233.8326,33214.04377,44064.204
28.690,32475.60352,144689.4075,33888.47358,44436.54748
28.695,34355.45511,147467.7202,34677.97479,44577.07214
28.700,35798.90261,148680.0332,35068.74067,44218.92578
28.705,37396.45102,150534.4518,35600.09624,44069.27281
28.710,38896.62387,153145.0583,36366.52389,43826.61565
28.715,41292.14257,156155.8566,37307.27672,43755.678
28.720,42390.70488,158129.5765,37363.35941,43394.49369
28.725,43543.32457,160621.3639,36938.90185,42816.58321
28.730,44178.83684,163855.2436,36255.31722,42272.71244
28.735,44506.7027,166256.6879,35130.75016,41165.17307
28.740,44067.26617,166957.7049,34598.0416,39965.94197
28.745,44042.8044,166225.0998,34532.45372,38879.78144
28.750,44871.2406,164856.9158,35186.591,38284.4358
28.755,45165.77466,162455.3362,36002.03423,38374.40961
28.760,46795.46768,158885.5639,37809.51652,39812.77779
28.765,47469.45029,152327.5029,39403.08489,41159.37158
28.770,47932.95441,147271.7441,40524.17188,42537.90436
28.775,46132.14614,141240.979,40884.26184,43030.94075
28.780,41034.11057,135300.8927,41261.04,43286.79767
28.785,30975.44149,127574.1153,41476.8461,42936.83436
28.790,24713.91529,124020.6766,41574.7495,42490.75799
28.795,23510.11235,120862.7058,42293.47806,42008.67894
28.800,26597.13146,118628.2443,43506.92978,41643.51398
28.805,30934.96082,116352.3769,45215.159,41534.94045
28.810,33759.14777,116326.6006,46456.34486,41419.84662
28.815,34235.37086,116400.6582,48015.28847,41628.8588
28.820,32735.58126,117199.1745,49966.91166,41911.57031
28.825,29954.34685,118139.1614,52186.57751,42633.93928
28.830,26644.55008,119863.3645,53165.61299,43118.87836
28.835,21534.95918,121883.2528,53938.91342,43969.8201
28.840,15025.73184,124364.7311,54480.17468,45045.64865
28.845,10142.43212,127506.8564,54828.32967,45421.19355
28.850,9577.370725,131933.0782,54894.42115,45181.15727
28.855,9767.92233,136944.9146,54835.79075,44965.28088
28.860,13445.20993,142870.4129,54926.89708,45250.1827
28.865,18576.39444,148208.2043,54450.3762,45541.55271
28.870,22902.1407,154138.6319,53423.10737,45595.45119
28.875,24391.28495,157671.6293,52140.36102,45348.01751
28.880,24696.29809,159686.6917,50320.53209,44624.99516
28.885,23927.60264,158666.4962,48357.22542,43407.84195
28.890,24021.11255,158096.782,46270.18317,41611.52033
28.895,25706.93559,156021.959,45184.13778,39846.61391
28.900,29835.26614,154659.823,44322.22576,38705.9985
28.905,34856.0413,154564.6616,43953.43837,38125.83077
28.910,38875.13656,155381.9987,44030.45278,37876.59817
28.915,40016.79729,155383.8042,44195.56851,37713.49523
28.920,40291.37856,156020.1427,43875.39415,37715.60946
28.925,36932.18924,154295.7589,43492.06913,37724.74338
28.930,32819.19953,152085.6058,42184.09178,37322.49021
28.935,28612.02078,147335.7511,39111.27692,35869.32291
28.940,28093.02961,142814.4956,35128.71897,34661.42866
28.945,31641.59863,140267.3598,32339.51122,34569.94304
28.950,36391.38735,138032.6077,29555.22778,34541.01622
28.955,41147.35902,136665.5517,28848.68241,35170.16765
28.960,46699.59893,135851.8643,31107.34186,36462.42429
28.965,48713.34735,136576.9486,35410.50005,37328.09937
28.970,49374.15129,136492.9494,39377.53281,37853.96538
28.975,49345.19595,136143.7679,42008.36482,38254.41272
28.980,48724.68022,135064.6457,42269.29007,38189.54457
28.985,46075.84356,134387.2247,40368.03235,37663.37894
28.990,43769.76156,132072.1991,37833.88141,36016.46621
28.995,43722.80146,129872.5717,35311.02775,34123.81838
29.000,47561.47542,127523.4258,32162.86397,32381.7827
29.005,51936.09767,125419.425,29507.7154,31000.55151
29.010,51729.08279,122866.4491,27282.49167,29963.10434
29.015,48946.42181,122385.8996,26748.21682,30103.42538
29.020,42333.90187,121786.3149,27034.15212,29975.27945
29.025,38166.57589,122071.1502,28310.18149,30029.01477
29.030,34395.78292,122487.5925,29896.34672,28684.10435
29.035,29483.34104,123616.2876,30539.62036,27090.00014
29.040,23939.04571,124409.3101,30385.3947,25055.63624
29.045,19769.4525,125062.2847,30295.82848,23831.80643
29.050,16778.65091,125903.5496,30825.59572,22828.67088
29.055,15868.145,126495.3941,31408.11625,23347.22871
29.060,15447.00372,127939.2998,32305.64197,23216.36731
29.065,15597.89548,129127.5765,33265.13113,23290.71138
29.070,16145.4741,129813.3505,33989.95678,24039.22885
29.075,17668.27065,128948.4152,33190.07087,24823.88493
29.080,18348.80698,127753.1773,29096.32277,25472.76913
29.085,17937.23248,125847.9865,23469.76592,26027.60529
29.090,16800.52881,123304.2374,20655.55776,28525.08584
29.095,16486.2446,121135.2756,23136.08243,30733.68676
29.100,16113.46718,118771.7563,27480.4484,33002.95906
29.105,15839.35067,117523.348,32963.07242,35856.45309
29.110,15615.80669,115937.314,36903.05534,39485.89608
29.115,16900.56835,115098.521,37470.69128,41203.39526
29.120,15934.32336,112669.1112,36770.74362,42222.41822
29.125,12917.62695,108725.6221,33696.40587,40998.39532
29.130,8357.31172,103486.5284,29806.78233,38691.59408
29.135,5118.424266,99986.61292,26745.96051,36846.37032
29.140,4549.628009,97764.7997,26327.9917,36416.22473
29.145,5514.620566,95563.86586,27264.22868,35407.53577
29.150,7263.724886,95558.0393,28652.84012,35391.63398
29.155,10338.47188,96230.54663,30508.23132,36446.25303
29.160,12828.24452,97191.48167,31641.70339,37640.62681
29.165,16374.41838,98439.84516,31432.22552,39393.68603
29.170,18890.01613,98972.28,30446.12918,39790.49084
29.175,22330.88945,98590.50097,28510.4632,39406.21044
29.180,26062.11771,98229.62352,26075.47395,38649.80584
29.185,30890.47041,97557.9562,21748.24813,37017.08187
29.190,33382.2513,97161.32399,20270.37665,35802.20674
29.195,35171.4184,97638.05518,19969.78332,35591.80644
29.200,36271.08338,98709.76377,20850.28606,35871.29272
29.205,38659.78276,100563.3051,22229.8566,36060.97486
29.210,43008.87898,101323.1138,24321.72223,36278.09791
29.215,48670.47211,102161.8327,26354.04433,36460.83597
29.220,52304.44404,102748.9248,28478.88208,36529.01128
29.225,60462.19081,104372.3738,31183.12015,36378.57696
29.230,62554.47254,103947.8401,31801.27246,35468.12396
29.235,56944.20354,104772.1805,32633.5698,34208.66055
29.240,46920.11077,106337.2206,34495.32386,34211.64178
29.245,43394.21942,108725.7957,36295.81183,35073.06366
29.250,42229.49108,112003.5353,38121.12954,36455.04557
29.255,38333.48461,118037.2228,42003.84304,38643.5747
29.260,36733.00145,120542.5791,42984.31804,39212.15968
29.265,34014.93469,123760.9342,44219.98364,39476.7705
29.270,30748.49816,126260.4784,45020.68212,39152.50231
29.275,24873.9198,128658.8277,45294.48563,38291.01525
29.280,23522.13423,129667.7975,44222.26455,37120.76823
29.285,22351.14918,130594.0815,43229.857,36221.56201
29.290,20546.40776,130968.215,42190.29752,35994.29379
29.295,18612.63387,131953.1553,41454.48319,35594.59479
29.300,17889.40691,131852.0418,40636.76074,34345.21
29.305,18561.57711,133678.0824,41238.20636,35149.44392
29.310,19063.18061,134923.899,41744.4695,37147.9804
29.315,20122.55114,134588.3366,41691.15443,39023.36198
29.320,21619.52078,133386.2213,41155.73911,41174.87792
29.325,23059.85368,131263.6399,39976.40802,41797.5398
29.330,24380.78693,126949.6072,37530.86748,39965.10722
29.335,25402.8038,124527.6752,36400.80467,38917.63674
29.340,27269.66793,121742.9252,35510.96161,39261.68111
29.345,28785.42276,119547.337,34826.47053,39656.25743
29.350,31793.81333,117177.9064,34717.92348,40136.11413
29.355,33130.60366,116742.0576,35440.64759,41102.69316
29.360,34936.71127,115363.1778,35885.72982,42046.10983
29.365,36288.01429,113681.9243,35935.06577,42555.77783
29.370,38406.15096,110930.0558,35831.59943,43125.73598
29.375,38133.46427,109185.8953,35419.95249,43297.72966
29.380,38653.45262,107431.764,35291.80329,43377.50347
29.385,38951.65342,105659.8535,34855.09353,42171.06058
29.390,39733.76228,103805.2712,34595.14905,38881.72329
29.395,39677.48636,103777.2686,34688.69406,36605.41575
29.400,40097.24012,104199.042,35127.32507,35302.71867
29.405,40804.32299,105098.3817,35955.2491,33574.89766
29.410,41166.11931,106424.4832,36770.80556,33698.56224
29.415,41548.49515,107944.1055,37551.73521,35409.90745
29.420,41753.05757,110561.9527,38056.20732,36481.81475
29.425,41237.87917,112419.2127,38199.01186,37156.78625
29.430,41000.02445,114547.6724,37691.73997,38286.79871
29.435,41101.95496,117440.3885,36916.49511,39895.53174
29.440,40854.2205,119195.5801,35711.23233,40149.9901
29.445,41094.50443,121584.8432,33788.54751,40237.7103
29.450,41028.23796,123835.6753,31096.09345,41044.14356
29.455,41638.51125,126570.9415,29667.69664,42389.26113
29.460,42490.86084,127825.9104,30537.01766,42941.64203
29.465,42890.1692,129237.195,31879.44969,43334.60659
29.470,42244.96989,130235.5479,31838.25705,43470.23842
29.475,40874.47045,131009.7824,30215.84978,43375.37916
29.480,39683.00222,130753.7854,28642.14774,42499.88891
29.485,37756.03155,131236.7814,26931.57327,41472.91742
29.490,34985.51396,131993.6625,24230.93057,40495.2233
29.495,33925.43005,132570.5725,23426.60226,40122.84213
29.500,32688.32455,134146.5357,22092.8626,40539.93584
29.505,31259.22162,136670.5751,20718.42841,40935.48232
29.510,31297.67764,139021.2755,20824.82199,41063.71898
29.515,29177.81941,141642.9867,21677.11389,40643.37649
29.520,27060.85218,144290.3739,21648.44069,39740.8048
29.525,24054.6218,147412.7513,20805.35274,38154.55781
29.530,21870.46319,150314.3971,20436.46578,37048.16673
29.535,19052.76322,152879.4138,20384.40932,36147.0432
29.540,15917.18099,155166.888,20471.40923,35233.0714
29.545,13062.28766,157279.2861,21481.24081,34648.07634
29.550,8293.453616,159970.5045,22799.84733,34099.54598
29.555,7354.275045,162695.3467,24714.91178,34634.84741
29.560,7275.957204,166280.7968,26143.09538,35164.88519
29.565,9226.211656,170207.3281,26608.9653,35328.18299
29.570,12632.68187,175762.2596,27077.74208,35283.99571
29.575,14710.63089,179675.8885,26110.91069,35053.74244
29.580,15770.90116,183777.7558,25219.77109,34421.25381
29.585,16624.93537,185837.7973,23748.16242,33244.34509
29.590,17236.77322,186260.0294,22857.23098,31955.11801
29.595,18309.88946,185698.0277,22784.94871,31429.72261
29.600,20234.38571,185245.8781,23014.04223,30796.63764
29.605,20911.86509,183394.5455,22886.9663,30250.95501
29.610,21970.7767,182685.8331,24009.6792,30451.28093
29.615,22649.32699,181693.288,25795.8038,30749.14931
29.620,23508.69179,181663.4121,28006.67015,31484.62588
29.625,23031.3552,181345.0334,29228.4663,31690.40561
29.630,21495.79262,181266.1066,29981.21436,32001.75316
29.635,19087.62854,181160.4055,29845.37382,32382.09006
29.640,16645.6537,180896.9007,29708.10209,32812.53132
29.645,14566.14597,180755.7158,29765.51554,32938.05301
29.650,13729.80436,180142.9492,29531.84336,33152.01881
29.655,13713.53812,179379.6557,29736.85335,33650.93256
29.660,14475.3528,178038.2375,29779.47704,34009.3965
29.665,15287.16515,176461.0378,29922.98489,33753.90258
29.670,15409.10238,174355.0043,29943.40001,32688.11757
29.675,14336.32019,171633.5721,30437.67502,31858.94897
29.680,12796.45817,169421.2834,30231.79429,31266.41927
29.685,11752.26095,167407.2879,30734.51469,31057.82053
29.690,10418.51922,165577.9175,31425.19968,31281.03431
29.695,8893.821607,163453.6616,33348.15864,31718.94747
29.700,8823.916805,162719.2875,34958.16041,32341.91176
29.705,9206.15981,161667.1173,37084.20525,33532.98789
29.710,9400.018307,159907.4883,38912.49584,34254.79414
29.715,9297.557715,156499.3706,41404.47331,35347.45102
29.720,8807.787911,152995.5785,42421.62531,35785.67116
29.725,7499.382896,147560.9319,43015.16014,35165.07012
29.730,5178.832556,139885.7978,43264.21795,33933.29543
29.735,3994.186775,135573.0601,43444.69927,33262.13871
29.740,2110.597639,131281.9496,43516.4621,32954.96636
29.745,71.9327753,128118.1906,43076.1651,32467.32063
29.750,-2366.005096,126971.7424,42912.23739,32196.29116
29.755,-3530.4925,128290.7403,42996.52915,31928.6064
29.760,-5005.681289,130944.8158,43497.2139,31721.72286
29.765,-6256.202659,135184.5962,44164.2071,32008.52813
29.770,-9267.757179,141228.8433,43915.46643,31708.54692
29.775,-10742.94572,145300.8003,43811.14823,32005.52278
29.780,-12982.59975,149287.8534,43731.82257,32255.36369
29.785,-14813.74967,151922.5037,43388.72303,32430.02431
29.790,-15866.31374,152943.5782,42716.02686,32252.63925
29.795,-18168.9998,151347.617,42392.40613,32508.82446
29.800,-21741.73748,148916.8363,42082.41064,32503.26423
29.805,-22494.53519,144801.6183,41512.26258,32309.7971
29.810,-17055.20399,140753.9263,41175.13148,32333.27685
29.815,-11091.0809,136748.5951,40652.05702,32097.43617
29.820,-6699.559461,133387.6313,40045.10894,31729.24663
29.825,-231.7680917,131098.7399,39291.04603,31279.00726
29.830,1974.222002,130603.2152,38898.40558,31029.52217
29.835,3632.59691,130496.2512,37981.53898,31759.75467
29.840,4570.272633,132325.0023,36680.37881,31637.68778
29.845,8372.976779,135782.9828,35095.16422,31702.47632
29.850,11338.38212,140342.514,33701.98152,32128.3794
29.855,15002.38079,146112.7265,32393.44387,33115.73019
29.860,17905.97052,152168.8028,31991.22624,34458.76259
29.865,20484.02148,157058.5121,33081.63748,35872.44706
29.870,20232.01002,159746.68,35661.03823,36767.87964
29.875,19887.12027,160153.4548,38410.599,36867.4414
29.880,20056.43994,159871.8165,40580.89307,36634.28878
29.885,21071.71693,158319.6124,40824.78311,36715.86124
29.890,21891.56363,155761.1878,39880.62446,36985.76596
29.895,23730.45907,154425.2278,38157.30288,37280.24652
29.900,25845.96839,153353.3042,37128.84128,37790.36286
29.905,29432.38387,154130.5427,35495.91408,38900.71346
29.910,31292.35718,155886.1872,34115.21558,39217.7438
29.915,33432.07797,157719.5491,30790.70222,39284.67477
29.920,35224.66914,159537.4939,27386.03911,38767.22372
29.925,37587.77182,161647.835,24823.43366,38136.86356
29.930,38225.72864,163669.1675,24617.73201,37114.15612
29.935,38754.52461,164117.041,23526.13175,36253.59306
29.940,37826.31434,163875.8972,22293.6055,35439.34751
29.945,36007.16762,162442.7092,22243.15683,34919.87039
29.950,33545.90692,160909.5107,23027.5681,34897.93895
29.955,30058.16862,158827.7196,24088.67877,35065.44906
29.960,27150.73008,157095.5977,25616.76147,35936.7156
29.965,22974.44389,152437.1751,26898.17754,37255.2874
29.970,20180.52965,149405.3961,27336.81709,38268.69441
29.975,18875.23846,145675.3729,27866.7213,39310.54171
29.980,19022.18725,141869.7939,28384.48174,40384.95325
29.985,17681.00955,137437.2667,28913.10231,41187.0822
29.990,17245.84936,134299.8301,28811.08023,41767.01082
29.995,16460.74182,130814.4438,28326.1274,41772.64263
30.000,16067.87229,127831.6521,28124.45037,41808.01674
